employee_id,name,gender,address,start_date,date_of_birth
0,Rebecca Duffy,Female,"4693 Sandoval Village
Griffinburgh, NV 01383",2022-04-06,1927-11-30
1,Robert Hoffman,Male,"734 Nancy Keys
Myersland, WI 44492",2022-08-19,1933-07-08
2,Melissa Oconnor,Female,"47811 Williams Flats Suite 189
South Andreamouth, NC 14309",2020-10-24,1993-11-01
3,Patrick Hutchinson,Male,"812 Juan Harbors Apt. 829
Bennettport, MA 86409",2020-10-19,1952-04-11
4,Lindsay Andersen,Female,"USS Robinson
FPO AE 43270",2020-06-20,1985-02-16
5,Kenneth Cobb,Male,"11434 Kristy Meadows
Hernandezfort, CO 22369",2022-11-19,1933-07-29
6,Joshua Davis,Male,"1403 Avila Lakes
West Kylestad, NE 21855",2022-06-06,1988-10-12
7,Sierra Young,Female,"USNS Johnson
FPO AE 47467",2020-10-05,1912-12-10
8,Ricardo Thompson,Male,"1143 Jennifer Wells Apt. 987
North Amber, WY 55643",2021-08-12,1939-07-22
9,Tiffany Carter,Female,"524 Patton Common Apt. 997
New Michelleport, ME 12891",2020-05-21,1907-12-24
10,Jesse Smith,Male,"PSC 4893, Box 1454
APO AP 21492",2022-06-13,1967-09-24
11,Vanessa Brown,Female,"86606 Jessica Fields Apt. 799
Lake Meghanshire, MD 15360",2021-02-03,1983-07-31
12,Amanda Martinez,Female,"47041 Steven Corner
West Jasontown, KY 88347",2022-08-17,1930-07-22
13,Cynthia Booth,Female,"7136 Jason Crossing
West Kendra, PA 48674",2022-07-10,1958-11-13
14,Lori Anderson,Female,"204 Mary Corner Suite 672
Williamsmouth, VA 53836",2021-10-23,1923-04-15
15,Cody Vega,Male,"5622 Alicia Spurs Apt. 445
East Michael, NH 73631",2021-01-30,1965-07-25
16,Daisy Brown,Female,"PSC 1010, Box 1611
APO AP 14749",2021-04-20,1998-11-21
17,Elizabeth Odonnell,Female,"9580 Anthony Burg Suite 997
West Davidton, OK 74159",2021-10-15,1969-05-14
18,Brittney Johnson,Female,"38369 Wesley Mountains
Lake Jorge, MN 06161",2022-04-12,1976-08-19
19,Daniel Miller,Male,"PSC 0516, Box 3732
APO AA 99697",2022-01-21,1965-06-09
20,Scott Mitchell,Male,"8137 Steven Brook
West Andrewshire, IN 24902",2020-06-21,1976-04-06
21,Michael Robles,Male,"574 Brown Dale Apt. 853
North Johnberg, IL 27373",2022-03-06,1921-08-16
22,Daniel Lane,Male,"80391 Pham Lights Suite 027
Bradleychester, RI 78096",2020-08-05,1989-01-29
23,Bethany Garcia,Female,"1410 Jaclyn Groves
Susanhaven, PR 90966",2022-05-15,1941-03-05
24,Lisa Murphy,Female,"127 Susan Green
West Kathrynmouth, SC 06034",2020-11-12,1959-12-27
25,Jessica Robinson,Female,"72113 Chelsea Lodge Suite 589
Sextonmouth, NH 41083",2022-05-14,1998-04-17
26,James Webster,Male,"854 Joseph Row Suite 852
Lake Richardville, NE 60129",2021-11-23,1958-02-27
27,Sarah Dean,Female,"USCGC Sharp
FPO AP 81758",2021-05-17,1962-04-12
28,Joseph Clark,Male,"7627 Lisa Neck
Amytown, PA 11580",2021-07-08,1977-11-19
29,Amy Mcdaniel,Female,"625 Khan Shoal Suite 597
Michelleville, NY 66660",2022-08-06,1947-08-05
30,Alan Lee,Male,"USS Robinson
FPO AP 85160",2021-07-02,1964-11-14
31,Karen Rodriguez DDS,Female,"93489 Melanie Shores
Dickersonmouth, TN 74038",2020-09-17,1951-12-16
32,Taylor Serrano,Female,"39086 Rodriguez Land Suite 388
Stevenchester, MT 52101",2022-08-06,1945-08-02
33,Cindy Moore,Female,"37949 Larry Street
New Kellyburgh, NV 44278",2022-08-10,1938-03-24
34,Robert Walker,Male,"60897 Alvarez Rue
Morganton, MI 91000",2021-06-10,1911-09-15
35,Erica Morrow,Female,"08426 Roach Trafficway
East Aimee, NY 42601",2020-08-04,1959-04-29
36,Sean Simmons Jr.,Male,"23767 Maria Ford
Lake Melanie, WI 01556",2020-05-30,1917-07-24
37,Tina Bowers,Female,"58288 Melissa Pines Apt. 555
Choiville, FL 56811",2021-06-18,1945-07-10
38,Sandra Lopez,Female,"7741 Dougherty Land Suite 324
East Brian, VI 95276",2022-04-29,1942-03-29
39,Joshua Pope,Male,"538 Newman Square
Franklinside, GA 20706",2022-01-16,1945-07-12
40,John Lewis,Male,"873 Smith View Suite 988
Leeview, ID 25584",2021-05-27,1910-04-20
41,Lynn Ortiz,Female,"PSC 6938, Box 7418
APO AE 97831",2020-04-19,1971-09-30
42,Kristy Yates,Female,"561 Elizabeth Cape
Kathleenview, GA 35352",2020-08-24,1961-06-17
43,Holly Figueroa,Female,"Unit 2003 Box 6857
DPO AA 53441",2021-10-09,1956-04-01
44,Alisha Long,Female,"57914 Michelle Turnpike
New Cynthiaburgh, CO 77039",2020-02-15,1915-05-13
45,Brent Olson,Male,"51213 Payne Bridge
Gonzalezstad, ME 76317",2020-06-13,1997-11-21
46,Larry Clayton,Male,"1590 Natalie Mission Suite 542
North Patricia, MO 81332",2021-03-23,1980-06-21
47,Jorge Marquez,Male,"26475 Turner Creek
Taraside, FM 83143",2020-02-17,1947-11-17
48,Shannon Roberts,Female,"3221 Mason Pine Apt. 899
North Jeffreystad, WA 33471",2022-07-07,1953-11-06
49,Brooke Duncan,Female,"03881 Caleb Cove
Kylieport, HI 24944",2022-11-05,1967-06-29
