Student ID,Weekday,Travel Mode
1,M,Car
3,M,Car
6,M,Car
8,M,Car
10,M,Car
12,M,Car
14,M,Car
17,M,Car
19,M,Car
22,M,Car
24,M,Car
26,M,Car
29,M,Car
31,M,Car
33,M,Car
35,M,Car
37,M,Car
40,M,Car
42,M,Car
45,M,Car
48,M,Car
50,M,Car
52,M,Car
55,M,Car
57,M,Car
60,M,Car
62,M,Car
64,M,Car
67,M,Car
69,M,Car
71,M,Car
73,M,Car
75,M,Car
78,M,Car
80,M,Car
83,M,Car
86,M,Car
89,M,Car
91,M,Car
93,M,Car
95,M,Car
97,M,Car
100,M,Car
102,M,Car
105,M,Car
108,M,Car
110,M,Car
112,M,Car
115,M,Car
117,M,Car
120,M,Car
122,M,Car
124,M,Car
127,M,Car
129,M,Car
131,M,Car
133,M,Car
135,M,Car
138,M,Car
140,M,Car
143,M,Car
147,M,Car
149,M,Car
152,M,Car
154,M,Car
156,M,Car
158,M,Car
160,M,Car
163,M,Car
165,M,Car
168,M,Car
170,M,Car
172,M,Car
175,M,Car
177,M,Car
179,M,Car
181,M,Car
183,M,Car
186,M,Car
188,M,Car
191,M,Car
194,M,Car
196,M,Car
198,M,Car
201,M,Car
203,M,Car
206,M,Car
208,M,Car
210,M,Car
213,M,Car
215,M,Car
217,M,Car
219,M,Car
221,M,Car
224,M,Car
226,M,Car
229,M,Car
232,M,Car
235,M,Car
237,M,Car
239,M,Car
241,M,Car
243,M,Car
246,M,Car
248,M,Car
251,M,Car
254,M,Car
256,M,Car
258,M,Car
261,M,Car
263,M,Car
266,M,Car
268,M,Car
270,M,Car
273,M,Car
275,M,Car
277,M,Car
280,M,Car
282,M,Car
284,M,Car
286,M,Car
288,M,Car
291,M,Car
293,M,Car
296,M,Car
298,M,Car
300,M,Car
303,M,Car
305,M,Car
307,M,Car
309,M,Car
311,M,Car
314,M,Car
316,M,Car
319,M,Car
322,M,Car
324,M,Car
326,M,Car
329,M,Car
331,M,Car
334,M,Car
336,M,Car
338,M,Car
341,M,Car
343,M,Car
344,M,Car
346,M,Car
349,M,Car
351,M,Car
353,M,Car
355,M,Car
357,M,Car
360,M,Car
362,M,Car
365,M,Car
367,M,Car
369,M,Car
372,M,Car
374,M,Car
376,M,Car
378,M,Car
380,M,Car
383,M,Car
385,M,Car
388,M,Car
391,M,Car
393,M,Car
395,M,Car
398,M,Car
400,M,Car
403,M,Car
405,M,Car
407,M,Car
410,M,Car
412,M,Car
414,M,Car
416,M,Car
418,M,Car
421,M,Car
423,M,Car
426,M,Car
429,M,Car
432,M,Car
434,M,Car
436,M,Car
438,M,Car
440,M,Car
443,M,Car
445,M,Car
448,M,Car
451,M,Car
453,M,Car
455,M,Car
458,M,Car
460,M,Car
463,M,Car
465,M,Car
467,M,Car
470,M,Car
472,M,Car
474,M,Car
476,M,Car
478,M,Car
481,M,Car
483,M,Car
486,M,Car
490,M,Car
492,M,Car
495,M,Car
497,M,Car
499,M,Car
501,M,Car
503,M,Car
506,M,Car
508,M,Car
511,M,Car
513,M,Car
515,M,Car
518,M,Car
520,M,Car
522,M,Car
524,M,Car
526,M,Car
529,M,Car
531,M,Car
534,M,Car
537,M,Car
539,M,Car
541,M,Car
544,M,Car
546,M,Car
549,M,Car
551,M,Car
553,M,Car
556,M,Car
558,M,Car
560,M,Car
562,M,Car
564,M,Car
567,M,Car
569,M,Car
572,M,Car
575,M,Car
578,M,Car
580,M,Car
582,M,Car
584,M,Car
586,M,Car
589,M,Car
591,M,Car
594,M,Car
597,M,Car
599,M,Car
601,M,Car
604,M,Car
606,M,Car
609,M,Car
611,M,Car
613,M,Car
616,M,Car
618,M,Car
620,M,Car
623,M,Car
625,M,Car
627,M,Car
629,M,Car
631,M,Car
634,M,Car
636,M,Car
639,M,Car
641,M,Car
643,M,Car
646,M,Car
648,M,Car
650,M,Car
652,M,Car
654,M,Car
657,M,Car
659,M,Car
662,M,Car
665,M,Car
667,M,Car
669,M,Car
672,M,Car
674,M,Car
676,M,Car
678,M,Car
680,M,Car
683,M,Car
685,M,Car
688,M,Car
690,M,Car
692,M,Car
695,M,Car
697,M,Car
699,M,Car
701,M,Car
703,M,Car
706,M,Car
708,M,Car
711,M,Car
714,M,Car
716,M,Car
718,M,Car
721,M,Car
723,M,Car
726,M,Car
728,M,Car
730,M,Car
733,M,Car
735,M,Car
737,M,Car
739,M,Car
741,M,Car
744,M,Car
746,M,Car
749,M,Car
752,M,Car
755,M,Car
757,M,Car
759,M,Car
761,M,Car
763,M,Car
766,M,Car
768,M,Car
771,M,Car
774,M,Car
776,M,Car
778,M,Car
781,M,Car
783,M,Car
786,M,Car
788,M,Car
790,M,Car
793,M,Car
795,M,Car
797,M,Car
799,M,Car
801,M,Car
804,M,Car
806,M,Car
809,M,Car
813,M,Car
815,M,Car
818,M,Car
820,M,Car
822,M,Car
824,M,Car
826,M,Car
829,M,Car
831,M,Car
834,M,Car
836,M,Car
838,M,Car
841,M,Car
843,M,Car
845,M,Car
847,M,Car
849,M,Car
852,M,Car
854,M,Car
857,M,Car
860,M,Car
862,M,Car
864,M,Car
867,M,Car
869,M,Car
872,M,Car
874,M,Car
876,M,Car
879,M,Car
881,M,Car
883,M,Car
885,M,Car
887,M,Car
890,M,Car
892,M,Car
895,M,Car
898,M,Car
901,M,Car
903,M,Car
905,M,Car
907,M,Car
909,M,Car
912,M,Car
914,M,Car
917,M,Car
920,M,Car
922,M,Car
924,M,Car
927,M,Car
929,M,Car
932,M,Car
934,M,Car
936,M,Car
939,M,Car
941,M,Car
943,M,Car
946,M,Car
948,M,Car
950,M,Car
952,M,Car
954,M,Car
957,M,Car
959,M,Car
962,M,Car
964,M,Car
966,M,Car
969,M,Car
971,M,Car
973,M,Car
975,M,Car
977,M,Car
980,M,Car
982,M,Car
985,M,Car
988,M,Car
990,M,Car
992,M,Car
995,M,Car
997,M,Car
1000,M,Car
1,Tu,Car
5,Tu,Car
6,Tu,Car
11,Tu,Car
12,Tu,Car
16,Tu,Car
17,Tu,Car
22,Tu,Car
24,Tu,Car
28,Tu,Car
29,Tu,Car
32,Tu,Car
34,Tu,Car
35,Tu,Car
39,Tu,Car
40,Tu,Car
45,Tu,Car
49,Tu,Car
50,Tu,Car
54,Tu,Car
55,Tu,Car
60,Tu,Car
62,Tu,Car
66,Tu,Car
67,Tu,Car
70,Tu,Car
72,Tu,Car
73,Tu,Car
77,Tu,Car
78,Tu,Car
83,Tu,Car
88,Tu,Car
89,Tu,Car
92,Tu,Car
94,Tu,Car
95,Tu,Car
99,Tu,Car
100,Tu,Car
105,Tu,Car
109,Tu,Car
110,Tu,Car
114,Tu,Car
115,Tu,Car
120,Tu,Car
122,Tu,Car
126,Tu,Car
127,Tu,Car
130,Tu,Car
132,Tu,Car
133,Tu,Car
137,Tu,Car
138,Tu,Car
143,Tu,Car
147,Tu,Car
151,Tu,Car
152,Tu,Car
157,Tu,Car
158,Tu,Car
162,Tu,Car
163,Tu,Car
168,Tu,Car
170,Tu,Car
174,Tu,Car
175,Tu,Car
178,Tu,Car
180,Tu,Car
181,Tu,Car
185,Tu,Car
186,Tu,Car
191,Tu,Car
195,Tu,Car
196,Tu,Car
200,Tu,Car
201,Tu,Car
206,Tu,Car
208,Tu,Car
212,Tu,Car
213,Tu,Car
216,Tu,Car
218,Tu,Car
219,Tu,Car
223,Tu,Car
224,Tu,Car
229,Tu,Car
234,Tu,Car
235,Tu,Car
238,Tu,Car
240,Tu,Car
241,Tu,Car
245,Tu,Car
246,Tu,Car
251,Tu,Car
255,Tu,Car
256,Tu,Car
260,Tu,Car
261,Tu,Car
266,Tu,Car
268,Tu,Car
272,Tu,Car
273,Tu,Car
275,Tu,Car
279,Tu,Car
280,Tu,Car
285,Tu,Car
286,Tu,Car
290,Tu,Car
291,Tu,Car
296,Tu,Car
298,Tu,Car
302,Tu,Car
303,Tu,Car
306,Tu,Car
308,Tu,Car
309,Tu,Car
313,Tu,Car
314,Tu,Car
319,Tu,Car
323,Tu,Car
324,Tu,Car
328,Tu,Car
329,Tu,Car
334,Tu,Car
336,Tu,Car
340,Tu,Car
341,Tu,Car
344,Tu,Car
348,Tu,Car
349,Tu,Car
354,Tu,Car
355,Tu,Car
359,Tu,Car
360,Tu,Car
365,Tu,Car
367,Tu,Car
371,Tu,Car
372,Tu,Car
375,Tu,Car
377,Tu,Car
378,Tu,Car
382,Tu,Car
383,Tu,Car
388,Tu,Car
392,Tu,Car
393,Tu,Car
397,Tu,Car
398,Tu,Car
403,Tu,Car
405,Tu,Car
409,Tu,Car
410,Tu,Car
413,Tu,Car
415,Tu,Car
416,Tu,Car
420,Tu,Car
421,Tu,Car
426,Tu,Car
431,Tu,Car
432,Tu,Car
435,Tu,Car
437,Tu,Car
438,Tu,Car
442,Tu,Car
443,Tu,Car
448,Tu,Car
452,Tu,Car
453,Tu,Car
457,Tu,Car
458,Tu,Car
463,Tu,Car
465,Tu,Car
469,Tu,Car
470,Tu,Car
473,Tu,Car
475,Tu,Car
476,Tu,Car
480,Tu,Car
481,Tu,Car
486,Tu,Car
490,Tu,Car
494,Tu,Car
495,Tu,Car
500,Tu,Car
501,Tu,Car
505,Tu,Car
506,Tu,Car
511,Tu,Car
513,Tu,Car
517,Tu,Car
518,Tu,Car
521,Tu,Car
523,Tu,Car
524,Tu,Car
528,Tu,Car
529,Tu,Car
534,Tu,Car
538,Tu,Car
539,Tu,Car
543,Tu,Car
544,Tu,Car
549,Tu,Car
551,Tu,Car
555,Tu,Car
556,Tu,Car
559,Tu,Car
561,Tu,Car
562,Tu,Car
566,Tu,Car
567,Tu,Car
572,Tu,Car
577,Tu,Car
578,Tu,Car
581,Tu,Car
583,Tu,Car
584,Tu,Car
588,Tu,Car
589,Tu,Car
594,Tu,Car
598,Tu,Car
599,Tu,Car
603,Tu,Car
604,Tu,Car
609,Tu,Car
611,Tu,Car
615,Tu,Car
616,Tu,Car
618,Tu,Car
622,Tu,Car
623,Tu,Car
628,Tu,Car
629,Tu,Car
633,Tu,Car
634,Tu,Car
639,Tu,Car
641,Tu,Car
645,Tu,Car
646,Tu,Car
649,Tu,Car
651,Tu,Car
652,Tu,Car
656,Tu,Car
657,Tu,Car
662,Tu,Car
666,Tu,Car
667,Tu,Car
671,Tu,Car
672,Tu,Car
677,Tu,Car
678,Tu,Car
682,Tu,Car
683,Tu,Car
688,Tu,Car
690,Tu,Car
694,Tu,Car
695,Tu,Car
698,Tu,Car
700,Tu,Car
701,Tu,Car
705,Tu,Car
706,Tu,Car
711,Tu,Car
715,Tu,Car
716,Tu,Car
720,Tu,Car
721,Tu,Car
726,Tu,Car
728,Tu,Car
732,Tu,Car
733,Tu,Car
736,Tu,Car
738,Tu,Car
739,Tu,Car
743,Tu,Car
744,Tu,Car
749,Tu,Car
754,Tu,Car
755,Tu,Car
758,Tu,Car
760,Tu,Car
761,Tu,Car
765,Tu,Car
766,Tu,Car
771,Tu,Car
775,Tu,Car
776,Tu,Car
780,Tu,Car
781,Tu,Car
786,Tu,Car
788,Tu,Car
792,Tu,Car
793,Tu,Car
796,Tu,Car
798,Tu,Car
799,Tu,Car
803,Tu,Car
804,Tu,Car
809,Tu,Car
813,Tu,Car
817,Tu,Car
818,Tu,Car
823,Tu,Car
824,Tu,Car
828,Tu,Car
829,Tu,Car
834,Tu,Car
836,Tu,Car
840,Tu,Car
841,Tu,Car
844,Tu,Car
846,Tu,Car
847,Tu,Car
851,Tu,Car
852,Tu,Car
857,Tu,Car
861,Tu,Car
862,Tu,Car
866,Tu,Car
867,Tu,Car
872,Tu,Car
874,Tu,Car
878,Tu,Car
879,Tu,Car
882,Tu,Car
884,Tu,Car
885,Tu,Car
889,Tu,Car
890,Tu,Car
895,Tu,Car
900,Tu,Car
901,Tu,Car
904,Tu,Car
906,Tu,Car
907,Tu,Car
911,Tu,Car
912,Tu,Car
917,Tu,Car
921,Tu,Car
922,Tu,Car
926,Tu,Car
927,Tu,Car
932,Tu,Car
934,Tu,Car
938,Tu,Car
939,Tu,Car
941,Tu,Car
945,Tu,Car
946,Tu,Car
951,Tu,Car
952,Tu,Car
956,Tu,Car
957,Tu,Car
962,Tu,Car
964,Tu,Car
968,Tu,Car
969,Tu,Car
972,Tu,Car
974,Tu,Car
975,Tu,Car
979,Tu,Car
980,Tu,Car
985,Tu,Car
989,Tu,Car
990,Tu,Car
994,Tu,Car
995,Tu,Car
1,W,Car
3,W,Car
6,W,Car
10,W,Car
11,W,Car
12,W,Car
14,W,Car
17,W,Car
22,W,Car
24,W,Car
26,W,Car
29,W,Car
32,W,Car
33,W,Car
34,W,Car
35,W,Car
37,W,Car
40,W,Car
45,W,Car
48,W,Car
49,W,Car
50,W,Car
52,W,Car
55,W,Car
60,W,Car
62,W,Car
64,W,Car
67,W,Car
70,W,Car
71,W,Car
72,W,Car
73,W,Car
75,W,Car
78,W,Car
83,W,Car
86,W,Car
89,W,Car
92,W,Car
93,W,Car
94,W,Car
95,W,Car
97,W,Car
100,W,Car
105,W,Car
108,W,Car
109,W,Car
110,W,Car
112,W,Car
115,W,Car
120,W,Car
122,W,Car
124,W,Car
127,W,Car
130,W,Car
131,W,Car
132,W,Car
133,W,Car
135,W,Car
138,W,Car
143,W,Car
147,W,Car
149,W,Car
152,W,Car
156,W,Car
157,W,Car
158,W,Car
160,W,Car
163,W,Car
168,W,Car
170,W,Car
172,W,Car
175,W,Car
178,W,Car
179,W,Car
180,W,Car
181,W,Car
183,W,Car
186,W,Car
191,W,Car
194,W,Car
195,W,Car
196,W,Car
198,W,Car
201,W,Car
206,W,Car
208,W,Car
210,W,Car
213,W,Car
216,W,Car
217,W,Car
218,W,Car
219,W,Car
221,W,Car
224,W,Car
229,W,Car
232,W,Car
235,W,Car
238,W,Car
239,W,Car
240,W,Car
241,W,Car
243,W,Car
246,W,Car
251,W,Car
254,W,Car
255,W,Car
256,W,Car
258,W,Car
261,W,Car
266,W,Car
268,W,Car
270,W,Car
273,W,Car
275,W,Car
277,W,Car
280,W,Car
284,W,Car
285,W,Car
286,W,Car
288,W,Car
291,W,Car
296,W,Car
298,W,Car
300,W,Car
303,W,Car
306,W,Car
307,W,Car
308,W,Car
309,W,Car
311,W,Car
314,W,Car
319,W,Car
322,W,Car
323,W,Car
324,W,Car
326,W,Car
329,W,Car
334,W,Car
336,W,Car
338,W,Car
341,W,Car
344,W,Car
346,W,Car
349,W,Car
353,W,Car
354,W,Car
355,W,Car
357,W,Car
360,W,Car
365,W,Car
367,W,Car
369,W,Car
372,W,Car
375,W,Car
376,W,Car
377,W,Car
378,W,Car
380,W,Car
383,W,Car
388,W,Car
391,W,Car
392,W,Car
393,W,Car
395,W,Car
398,W,Car
403,W,Car
405,W,Car
407,W,Car
410,W,Car
413,W,Car
414,W,Car
415,W,Car
416,W,Car
418,W,Car
421,W,Car
426,W,Car
429,W,Car
432,W,Car
435,W,Car
436,W,Car
437,W,Car
438,W,Car
440,W,Car
443,W,Car
448,W,Car
451,W,Car
452,W,Car
453,W,Car
455,W,Car
458,W,Car
463,W,Car
465,W,Car
467,W,Car
470,W,Car
473,W,Car
474,W,Car
475,W,Car
476,W,Car
478,W,Car
481,W,Car
486,W,Car
490,W,Car
492,W,Car
495,W,Car
499,W,Car
500,W,Car
501,W,Car
503,W,Car
506,W,Car
511,W,Car
513,W,Car
515,W,Car
518,W,Car
521,W,Car
522,W,Car
523,W,Car
524,W,Car
526,W,Car
529,W,Car
534,W,Car
537,W,Car
538,W,Car
539,W,Car
541,W,Car
544,W,Car
549,W,Car
551,W,Car
553,W,Car
556,W,Car
559,W,Car
560,W,Car
561,W,Car
562,W,Car
564,W,Car
567,W,Car
572,W,Car
575,W,Car
578,W,Car
581,W,Car
582,W,Car
583,W,Car
584,W,Car
586,W,Car
589,W,Car
594,W,Car
597,W,Car
598,W,Car
599,W,Car
601,W,Car
604,W,Car
609,W,Car
611,W,Car
613,W,Car
616,W,Car
618,W,Car
620,W,Car
623,W,Car
627,W,Car
628,W,Car
629,W,Car
631,W,Car
634,W,Car
639,W,Car
641,W,Car
643,W,Car
646,W,Car
649,W,Car
650,W,Car
651,W,Car
652,W,Car
654,W,Car
657,W,Car
662,W,Car
665,W,Car
666,W,Car
667,W,Car
669,W,Car
672,W,Car
676,W,Car
677,W,Car
678,W,Car
680,W,Car
683,W,Car
688,W,Car
690,W,Car
692,W,Car
695,W,Car
698,W,Car
699,W,Car
700,W,Car
701,W,Car
703,W,Car
706,W,Car
711,W,Car
714,W,Car
715,W,Car
716,W,Car
718,W,Car
721,W,Car
726,W,Car
728,W,Car
730,W,Car
733,W,Car
736,W,Car
737,W,Car
738,W,Car
739,W,Car
741,W,Car
744,W,Car
749,W,Car
752,W,Car
755,W,Car
758,W,Car
759,W,Car
760,W,Car
761,W,Car
763,W,Car
766,W,Car
771,W,Car
774,W,Car
775,W,Car
776,W,Car
778,W,Car
781,W,Car
786,W,Car
788,W,Car
790,W,Car
793,W,Car
796,W,Car
797,W,Car
798,W,Car
799,W,Car
801,W,Car
804,W,Car
809,W,Car
813,W,Car
815,W,Car
818,W,Car
822,W,Car
823,W,Car
824,W,Car
826,W,Car
829,W,Car
834,W,Car
836,W,Car
838,W,Car
841,W,Car
844,W,Car
845,W,Car
846,W,Car
847,W,Car
849,W,Car
852,W,Car
857,W,Car
860,W,Car
861,W,Car
862,W,Car
864,W,Car
867,W,Car
872,W,Car
874,W,Car
876,W,Car
879,W,Car
882,W,Car
883,W,Car
884,W,Car
885,W,Car
887,W,Car
890,W,Car
895,W,Car
898,W,Car
901,W,Car
904,W,Car
905,W,Car
906,W,Car
907,W,Car
909,W,Car
912,W,Car
917,W,Car
920,W,Car
921,W,Car
922,W,Car
924,W,Car
927,W,Car
932,W,Car
934,W,Car
936,W,Car
939,W,Car
941,W,Car
943,W,Car
946,W,Car
950,W,Car
951,W,Car
952,W,Car
954,W,Car
957,W,Car
962,W,Car
964,W,Car
966,W,Car
969,W,Car
972,W,Car
973,W,Car
974,W,Car
975,W,Car
977,W,Car
980,W,Car
985,W,Car
988,W,Car
989,W,Car
990,W,Car
992,W,Car
995,W,Car
1000,W,Car
1,Th,Car
6,Th,Car
11,Th,Car
12,Th,Car
17,Th,Car
22,Th,Car
23,Th,Car
24,Th,Car
29,Th,Car
34,Th,Car
35,Th,Car
40,Th,Car
45,Th,Car
46,Th,Car
49,Th,Car
50,Th,Car
55,Th,Car
60,Th,Car
61,Th,Car
62,Th,Car
67,Th,Car
72,Th,Car
73,Th,Car
78,Th,Car
83,Th,Car
84,Th,Car
89,Th,Car
94,Th,Car
95,Th,Car
100,Th,Car
105,Th,Car
106,Th,Car
109,Th,Car
110,Th,Car
115,Th,Car
120,Th,Car
121,Th,Car
122,Th,Car
127,Th,Car
132,Th,Car
133,Th,Car
138,Th,Car
143,Th,Car
144,Th,Car
147,Th,Car
152,Th,Car
157,Th,Car
158,Th,Car
163,Th,Car
168,Th,Car
169,Th,Car
170,Th,Car
175,Th,Car
180,Th,Car
181,Th,Car
186,Th,Car
191,Th,Car
192,Th,Car
195,Th,Car
196,Th,Car
201,Th,Car
206,Th,Car
207,Th,Car
208,Th,Car
213,Th,Car
218,Th,Car
219,Th,Car
224,Th,Car
229,Th,Car
230,Th,Car
235,Th,Car
240,Th,Car
241,Th,Car
246,Th,Car
251,Th,Car
252,Th,Car
255,Th,Car
256,Th,Car
261,Th,Car
266,Th,Car
267,Th,Car
268,Th,Car
273,Th,Car
275,Th,Car
280,Th,Car
285,Th,Car
286,Th,Car
291,Th,Car
296,Th,Car
297,Th,Car
298,Th,Car
303,Th,Car
308,Th,Car
309,Th,Car
314,Th,Car
319,Th,Car
320,Th,Car
323,Th,Car
324,Th,Car
329,Th,Car
334,Th,Car
335,Th,Car
336,Th,Car
341,Th,Car
344,Th,Car
349,Th,Car
354,Th,Car
355,Th,Car
360,Th,Car
365,Th,Car
366,Th,Car
367,Th,Car
372,Th,Car
377,Th,Car
378,Th,Car
383,Th,Car
388,Th,Car
389,Th,Car
392,Th,Car
393,Th,Car
398,Th,Car
403,Th,Car
404,Th,Car
405,Th,Car
410,Th,Car
415,Th,Car
416,Th,Car
421,Th,Car
426,Th,Car
427,Th,Car
432,Th,Car
437,Th,Car
438,Th,Car
443,Th,Car
448,Th,Car
449,Th,Car
452,Th,Car
453,Th,Car
458,Th,Car
463,Th,Car
464,Th,Car
465,Th,Car
470,Th,Car
475,Th,Car
476,Th,Car
481,Th,Car
486,Th,Car
487,Th,Car
490,Th,Car
495,Th,Car
500,Th,Car
501,Th,Car
506,Th,Car
511,Th,Car
512,Th,Car
513,Th,Car
518,Th,Car
523,Th,Car
524,Th,Car
529,Th,Car
534,Th,Car
535,Th,Car
538,Th,Car
539,Th,Car
544,Th,Car
549,Th,Car
550,Th,Car
551,Th,Car
556,Th,Car
561,Th,Car
562,Th,Car
567,Th,Car
572,Th,Car
573,Th,Car
578,Th,Car
583,Th,Car
584,Th,Car
589,Th,Car
594,Th,Car
595,Th,Car
598,Th,Car
599,Th,Car
604,Th,Car
609,Th,Car
610,Th,Car
611,Th,Car
616,Th,Car
618,Th,Car
623,Th,Car
628,Th,Car
629,Th,Car
634,Th,Car
639,Th,Car
640,Th,Car
641,Th,Car
646,Th,Car
651,Th,Car
652,Th,Car
657,Th,Car
662,Th,Car
663,Th,Car
666,Th,Car
667,Th,Car
672,Th,Car
677,Th,Car
678,Th,Car
683,Th,Car
688,Th,Car
689,Th,Car
690,Th,Car
695,Th,Car
700,Th,Car
701,Th,Car
706,Th,Car
711,Th,Car
712,Th,Car
715,Th,Car
716,Th,Car
721,Th,Car
726,Th,Car
727,Th,Car
728,Th,Car
733,Th,Car
738,Th,Car
739,Th,Car
744,Th,Car
749,Th,Car
750,Th,Car
755,Th,Car
760,Th,Car
761,Th,Car
766,Th,Car
771,Th,Car
772,Th,Car
775,Th,Car
776,Th,Car
781,Th,Car
786,Th,Car
787,Th,Car
788,Th,Car
793,Th,Car
798,Th,Car
799,Th,Car
804,Th,Car
809,Th,Car
810,Th,Car
813,Th,Car
818,Th,Car
823,Th,Car
824,Th,Car
829,Th,Car
834,Th,Car
835,Th,Car
836,Th,Car
841,Th,Car
846,Th,Car
847,Th,Car
852,Th,Car
857,Th,Car
858,Th,Car
861,Th,Car
862,Th,Car
867,Th,Car
872,Th,Car
873,Th,Car
874,Th,Car
879,Th,Car
884,Th,Car
885,Th,Car
890,Th,Car
895,Th,Car
896,Th,Car
901,Th,Car
906,Th,Car
907,Th,Car
912,Th,Car
917,Th,Car
918,Th,Car
921,Th,Car
922,Th,Car
927,Th,Car
932,Th,Car
933,Th,Car
934,Th,Car
939,Th,Car
941,Th,Car
946,Th,Car
951,Th,Car
952,Th,Car
957,Th,Car
962,Th,Car
963,Th,Car
964,Th,Car
969,Th,Car
974,Th,Car
975,Th,Car
980,Th,Car
985,Th,Car
986,Th,Car
989,Th,Car
990,Th,Car
995,Th,Car
3,F,Car
6,F,Car
10,F,Car
14,F,Car
17,F,Car
26,F,Car
29,F,Car
32,F,Car
33,F,Car
37,F,Car
40,F,Car
48,F,Car
52,F,Car
55,F,Car
61,F,Car
64,F,Car
67,F,Car
70,F,Car
71,F,Car
75,F,Car
78,F,Car
86,F,Car
89,F,Car
92,F,Car
93,F,Car
97,F,Car
100,F,Car
108,F,Car
112,F,Car
115,F,Car
121,F,Car
124,F,Car
127,F,Car
130,F,Car
131,F,Car
135,F,Car
138,F,Car
149,F,Car
152,F,Car
156,F,Car
160,F,Car
163,F,Car
172,F,Car
175,F,Car
178,F,Car
179,F,Car
183,F,Car
186,F,Car
194,F,Car
198,F,Car
201,F,Car
207,F,Car
210,F,Car
213,F,Car
216,F,Car
217,F,Car
221,F,Car
224,F,Car
232,F,Car
235,F,Car
238,F,Car
239,F,Car
243,F,Car
246,F,Car
254,F,Car
258,F,Car
261,F,Car
267,F,Car
270,F,Car
273,F,Car
277,F,Car
280,F,Car
284,F,Car
288,F,Car
291,F,Car
300,F,Car
303,F,Car
306,F,Car
307,F,Car
311,F,Car
314,F,Car
322,F,Car
326,F,Car
329,F,Car
335,F,Car
338,F,Car
341,F,Car
346,F,Car
349,F,Car
353,F,Car
357,F,Car
360,F,Car
369,F,Car
372,F,Car
375,F,Car
376,F,Car
380,F,Car
383,F,Car
391,F,Car
395,F,Car
398,F,Car
404,F,Car
407,F,Car
410,F,Car
413,F,Car
414,F,Car
418,F,Car
421,F,Car
429,F,Car
432,F,Car
435,F,Car
436,F,Car
440,F,Car
443,F,Car
451,F,Car
455,F,Car
458,F,Car
464,F,Car
467,F,Car
470,F,Car
473,F,Car
474,F,Car
478,F,Car
481,F,Car
492,F,Car
495,F,Car
499,F,Car
503,F,Car
506,F,Car
515,F,Car
518,F,Car
521,F,Car
522,F,Car
526,F,Car
529,F,Car
537,F,Car
541,F,Car
544,F,Car
550,F,Car
553,F,Car
556,F,Car
559,F,Car
560,F,Car
564,F,Car
567,F,Car
575,F,Car
578,F,Car
581,F,Car
582,F,Car
586,F,Car
589,F,Car
597,F,Car
601,F,Car
604,F,Car
610,F,Car
613,F,Car
616,F,Car
620,F,Car
623,F,Car
627,F,Car
631,F,Car
634,F,Car
643,F,Car
646,F,Car
649,F,Car
650,F,Car
654,F,Car
657,F,Car
665,F,Car
669,F,Car
672,F,Car
676,F,Car
680,F,Car
683,F,Car
692,F,Car
695,F,Car
698,F,Car
699,F,Car
703,F,Car
706,F,Car
714,F,Car
718,F,Car
721,F,Car
727,F,Car
730,F,Car
733,F,Car
736,F,Car
737,F,Car
741,F,Car
744,F,Car
752,F,Car
755,F,Car
758,F,Car
759,F,Car
763,F,Car
766,F,Car
774,F,Car
778,F,Car
781,F,Car
787,F,Car
790,F,Car
793,F,Car
796,F,Car
797,F,Car
801,F,Car
804,F,Car
815,F,Car
818,F,Car
822,F,Car
826,F,Car
829,F,Car
838,F,Car
841,F,Car
844,F,Car
845,F,Car
849,F,Car
852,F,Car
860,F,Car
864,F,Car
867,F,Car
873,F,Car
876,F,Car
879,F,Car
882,F,Car
883,F,Car
887,F,Car
890,F,Car
898,F,Car
901,F,Car
904,F,Car
905,F,Car
909,F,Car
912,F,Car
920,F,Car
924,F,Car
927,F,Car
933,F,Car
936,F,Car
939,F,Car
943,F,Car
946,F,Car
950,F,Car
954,F,Car
957,F,Car
966,F,Car
969,F,Car
972,F,Car
973,F,Car
977,F,Car
980,F,Car
988,F,Car
992,F,Car
995,F,Car
1000,F,Car
2,M,Bicycle
5,M,Bicycle
13,M,Bicycle
16,M,Bicycle
20,M,Bicycle
25,M,Bicycle
28,M,Bicycle
36,M,Bicycle
39,M,Bicycle
43,M,Bicycle
51,M,Bicycle
54,M,Bicycle
58,M,Bicycle
63,M,Bicycle
66,M,Bicycle
74,M,Bicycle
77,M,Bicycle
81,M,Bicycle
88,M,Bicycle
96,M,Bicycle
99,M,Bicycle
103,M,Bicycle
111,M,Bicycle
114,M,Bicycle
118,M,Bicycle
123,M,Bicycle
126,M,Bicycle
134,M,Bicycle
137,M,Bicycle
141,M,Bicycle
148,M,Bicycle
151,M,Bicycle
159,M,Bicycle
162,M,Bicycle
166,M,Bicycle
171,M,Bicycle
174,M,Bicycle
182,M,Bicycle
185,M,Bicycle
189,M,Bicycle
197,M,Bicycle
200,M,Bicycle
204,M,Bicycle
209,M,Bicycle
212,M,Bicycle
220,M,Bicycle
223,M,Bicycle
227,M,Bicycle
234,M,Bicycle
242,M,Bicycle
245,M,Bicycle
249,M,Bicycle
257,M,Bicycle
260,M,Bicycle
264,M,Bicycle
269,M,Bicycle
272,M,Bicycle
276,M,Bicycle
279,M,Bicycle
287,M,Bicycle
290,M,Bicycle
294,M,Bicycle
299,M,Bicycle
302,M,Bicycle
310,M,Bicycle
313,M,Bicycle
317,M,Bicycle
325,M,Bicycle
328,M,Bicycle
332,M,Bicycle
337,M,Bicycle
340,M,Bicycle
345,M,Bicycle
348,M,Bicycle
356,M,Bicycle
359,M,Bicycle
363,M,Bicycle
368,M,Bicycle
371,M,Bicycle
379,M,Bicycle
382,M,Bicycle
386,M,Bicycle
394,M,Bicycle
397,M,Bicycle
401,M,Bicycle
406,M,Bicycle
409,M,Bicycle
417,M,Bicycle
420,M,Bicycle
424,M,Bicycle
431,M,Bicycle
439,M,Bicycle
442,M,Bicycle
446,M,Bicycle
454,M,Bicycle
457,M,Bicycle
461,M,Bicycle
466,M,Bicycle
469,M,Bicycle
477,M,Bicycle
480,M,Bicycle
484,M,Bicycle
491,M,Bicycle
494,M,Bicycle
502,M,Bicycle
505,M,Bicycle
509,M,Bicycle
514,M,Bicycle
517,M,Bicycle
525,M,Bicycle
528,M,Bicycle
532,M,Bicycle
540,M,Bicycle
543,M,Bicycle
547,M,Bicycle
552,M,Bicycle
555,M,Bicycle
563,M,Bicycle
566,M,Bicycle
570,M,Bicycle
577,M,Bicycle
585,M,Bicycle
588,M,Bicycle
592,M,Bicycle
600,M,Bicycle
603,M,Bicycle
607,M,Bicycle
612,M,Bicycle
615,M,Bicycle
619,M,Bicycle
622,M,Bicycle
630,M,Bicycle
633,M,Bicycle
637,M,Bicycle
642,M,Bicycle
645,M,Bicycle
653,M,Bicycle
656,M,Bicycle
660,M,Bicycle
668,M,Bicycle
671,M,Bicycle
679,M,Bicycle
682,M,Bicycle
686,M,Bicycle
691,M,Bicycle
694,M,Bicycle
702,M,Bicycle
705,M,Bicycle
709,M,Bicycle
717,M,Bicycle
720,M,Bicycle
724,M,Bicycle
729,M,Bicycle
732,M,Bicycle
740,M,Bicycle
743,M,Bicycle
747,M,Bicycle
754,M,Bicycle
762,M,Bicycle
765,M,Bicycle
769,M,Bicycle
777,M,Bicycle
780,M,Bicycle
784,M,Bicycle
789,M,Bicycle
792,M,Bicycle
800,M,Bicycle
803,M,Bicycle
807,M,Bicycle
814,M,Bicycle
817,M,Bicycle
825,M,Bicycle
828,M,Bicycle
832,M,Bicycle
837,M,Bicycle
840,M,Bicycle
848,M,Bicycle
851,M,Bicycle
855,M,Bicycle
863,M,Bicycle
866,M,Bicycle
870,M,Bicycle
875,M,Bicycle
878,M,Bicycle
886,M,Bicycle
889,M,Bicycle
893,M,Bicycle
900,M,Bicycle
908,M,Bicycle
911,M,Bicycle
915,M,Bicycle
923,M,Bicycle
926,M,Bicycle
930,M,Bicycle
935,M,Bicycle
938,M,Bicycle
942,M,Bicycle
945,M,Bicycle
953,M,Bicycle
956,M,Bicycle
960,M,Bicycle
965,M,Bicycle
968,M,Bicycle
976,M,Bicycle
979,M,Bicycle
983,M,Bicycle
991,M,Bicycle
994,M,Bicycle
998,M,Bicycle
999,M,Bicycle
2,Tu,Bicycle
3,Tu,Bicycle
13,Tu,Bicycle
14,Tu,Bicycle
20,Tu,Bicycle
25,Tu,Bicycle
26,Tu,Bicycle
36,Tu,Bicycle
37,Tu,Bicycle
43,Tu,Bicycle
51,Tu,Bicycle
52,Tu,Bicycle
58,Tu,Bicycle
63,Tu,Bicycle
64,Tu,Bicycle
74,Tu,Bicycle
75,Tu,Bicycle
81,Tu,Bicycle
85,Tu,Bicycle
86,Tu,Bicycle
96,Tu,Bicycle
97,Tu,Bicycle
103,Tu,Bicycle
111,Tu,Bicycle
112,Tu,Bicycle
118,Tu,Bicycle
123,Tu,Bicycle
124,Tu,Bicycle
134,Tu,Bicycle
135,Tu,Bicycle
141,Tu,Bicycle
145,Tu,Bicycle
148,Tu,Bicycle
149,Tu,Bicycle
159,Tu,Bicycle
160,Tu,Bicycle
166,Tu,Bicycle
171,Tu,Bicycle
172,Tu,Bicycle
182,Tu,Bicycle
183,Tu,Bicycle
189,Tu,Bicycle
197,Tu,Bicycle
198,Tu,Bicycle
204,Tu,Bicycle
209,Tu,Bicycle
210,Tu,Bicycle
220,Tu,Bicycle
221,Tu,Bicycle
227,Tu,Bicycle
231,Tu,Bicycle
232,Tu,Bicycle
242,Tu,Bicycle
243,Tu,Bicycle
249,Tu,Bicycle
257,Tu,Bicycle
258,Tu,Bicycle
264,Tu,Bicycle
269,Tu,Bicycle
270,Tu,Bicycle
276,Tu,Bicycle
277,Tu,Bicycle
287,Tu,Bicycle
288,Tu,Bicycle
294,Tu,Bicycle
299,Tu,Bicycle
300,Tu,Bicycle
310,Tu,Bicycle
311,Tu,Bicycle
317,Tu,Bicycle
325,Tu,Bicycle
326,Tu,Bicycle
332,Tu,Bicycle
337,Tu,Bicycle
338,Tu,Bicycle
345,Tu,Bicycle
346,Tu,Bicycle
356,Tu,Bicycle
357,Tu,Bicycle
363,Tu,Bicycle
368,Tu,Bicycle
369,Tu,Bicycle
379,Tu,Bicycle
380,Tu,Bicycle
386,Tu,Bicycle
394,Tu,Bicycle
395,Tu,Bicycle
401,Tu,Bicycle
406,Tu,Bicycle
407,Tu,Bicycle
417,Tu,Bicycle
418,Tu,Bicycle
424,Tu,Bicycle
428,Tu,Bicycle
429,Tu,Bicycle
439,Tu,Bicycle
440,Tu,Bicycle
446,Tu,Bicycle
454,Tu,Bicycle
455,Tu,Bicycle
461,Tu,Bicycle
466,Tu,Bicycle
467,Tu,Bicycle
477,Tu,Bicycle
478,Tu,Bicycle
484,Tu,Bicycle
488,Tu,Bicycle
491,Tu,Bicycle
492,Tu,Bicycle
502,Tu,Bicycle
503,Tu,Bicycle
509,Tu,Bicycle
514,Tu,Bicycle
515,Tu,Bicycle
525,Tu,Bicycle
526,Tu,Bicycle
532,Tu,Bicycle
540,Tu,Bicycle
541,Tu,Bicycle
547,Tu,Bicycle
552,Tu,Bicycle
553,Tu,Bicycle
563,Tu,Bicycle
564,Tu,Bicycle
570,Tu,Bicycle
574,Tu,Bicycle
575,Tu,Bicycle
585,Tu,Bicycle
586,Tu,Bicycle
592,Tu,Bicycle
600,Tu,Bicycle
601,Tu,Bicycle
607,Tu,Bicycle
612,Tu,Bicycle
613,Tu,Bicycle
619,Tu,Bicycle
620,Tu,Bicycle
630,Tu,Bicycle
631,Tu,Bicycle
637,Tu,Bicycle
642,Tu,Bicycle
643,Tu,Bicycle
653,Tu,Bicycle
654,Tu,Bicycle
660,Tu,Bicycle
668,Tu,Bicycle
669,Tu,Bicycle
679,Tu,Bicycle
680,Tu,Bicycle
686,Tu,Bicycle
691,Tu,Bicycle
692,Tu,Bicycle
702,Tu,Bicycle
703,Tu,Bicycle
709,Tu,Bicycle
717,Tu,Bicycle
718,Tu,Bicycle
724,Tu,Bicycle
729,Tu,Bicycle
730,Tu,Bicycle
740,Tu,Bicycle
741,Tu,Bicycle
747,Tu,Bicycle
751,Tu,Bicycle
752,Tu,Bicycle
762,Tu,Bicycle
763,Tu,Bicycle
769,Tu,Bicycle
777,Tu,Bicycle
778,Tu,Bicycle
784,Tu,Bicycle
789,Tu,Bicycle
790,Tu,Bicycle
800,Tu,Bicycle
801,Tu,Bicycle
807,Tu,Bicycle
811,Tu,Bicycle
814,Tu,Bicycle
815,Tu,Bicycle
825,Tu,Bicycle
826,Tu,Bicycle
832,Tu,Bicycle
837,Tu,Bicycle
838,Tu,Bicycle
848,Tu,Bicycle
849,Tu,Bicycle
855,Tu,Bicycle
863,Tu,Bicycle
864,Tu,Bicycle
870,Tu,Bicycle
875,Tu,Bicycle
876,Tu,Bicycle
886,Tu,Bicycle
887,Tu,Bicycle
893,Tu,Bicycle
897,Tu,Bicycle
898,Tu,Bicycle
908,Tu,Bicycle
909,Tu,Bicycle
915,Tu,Bicycle
923,Tu,Bicycle
924,Tu,Bicycle
930,Tu,Bicycle
935,Tu,Bicycle
936,Tu,Bicycle
942,Tu,Bicycle
943,Tu,Bicycle
953,Tu,Bicycle
954,Tu,Bicycle
960,Tu,Bicycle
965,Tu,Bicycle
966,Tu,Bicycle
976,Tu,Bicycle
977,Tu,Bicycle
983,Tu,Bicycle
991,Tu,Bicycle
992,Tu,Bicycle
998,Tu,Bicycle
999,Tu,Bicycle
1000,Tu,Bicycle
2,W,Bicycle
8,W,Bicycle
13,W,Bicycle
19,W,Bicycle
20,W,Bicycle
25,W,Bicycle
31,W,Bicycle
36,W,Bicycle
42,W,Bicycle
43,W,Bicycle
51,W,Bicycle
57,W,Bicycle
58,W,Bicycle
63,W,Bicycle
69,W,Bicycle
74,W,Bicycle
80,W,Bicycle
81,W,Bicycle
91,W,Bicycle
96,W,Bicycle
102,W,Bicycle
103,W,Bicycle
111,W,Bicycle
117,W,Bicycle
118,W,Bicycle
123,W,Bicycle
129,W,Bicycle
134,W,Bicycle
140,W,Bicycle
141,W,Bicycle
148,W,Bicycle
154,W,Bicycle
159,W,Bicycle
165,W,Bicycle
166,W,Bicycle
171,W,Bicycle
177,W,Bicycle
182,W,Bicycle
188,W,Bicycle
189,W,Bicycle
197,W,Bicycle
203,W,Bicycle
204,W,Bicycle
209,W,Bicycle
215,W,Bicycle
220,W,Bicycle
226,W,Bicycle
227,W,Bicycle
237,W,Bicycle
242,W,Bicycle
248,W,Bicycle
249,W,Bicycle
257,W,Bicycle
263,W,Bicycle
264,W,Bicycle
269,W,Bicycle
276,W,Bicycle
282,W,Bicycle
287,W,Bicycle
293,W,Bicycle
294,W,Bicycle
299,W,Bicycle
305,W,Bicycle
310,W,Bicycle
316,W,Bicycle
317,W,Bicycle
325,W,Bicycle
331,W,Bicycle
332,W,Bicycle
337,W,Bicycle
343,W,Bicycle
345,W,Bicycle
351,W,Bicycle
356,W,Bicycle
362,W,Bicycle
363,W,Bicycle
368,W,Bicycle
374,W,Bicycle
379,W,Bicycle
385,W,Bicycle
386,W,Bicycle
394,W,Bicycle
400,W,Bicycle
401,W,Bicycle
406,W,Bicycle
412,W,Bicycle
417,W,Bicycle
423,W,Bicycle
424,W,Bicycle
434,W,Bicycle
439,W,Bicycle
445,W,Bicycle
446,W,Bicycle
454,W,Bicycle
460,W,Bicycle
461,W,Bicycle
466,W,Bicycle
472,W,Bicycle
477,W,Bicycle
483,W,Bicycle
484,W,Bicycle
491,W,Bicycle
497,W,Bicycle
502,W,Bicycle
508,W,Bicycle
509,W,Bicycle
514,W,Bicycle
520,W,Bicycle
525,W,Bicycle
531,W,Bicycle
532,W,Bicycle
540,W,Bicycle
546,W,Bicycle
547,W,Bicycle
552,W,Bicycle
558,W,Bicycle
563,W,Bicycle
569,W,Bicycle
570,W,Bicycle
580,W,Bicycle
585,W,Bicycle
591,W,Bicycle
592,W,Bicycle
600,W,Bicycle
606,W,Bicycle
607,W,Bicycle
612,W,Bicycle
619,W,Bicycle
625,W,Bicycle
630,W,Bicycle
636,W,Bicycle
637,W,Bicycle
642,W,Bicycle
648,W,Bicycle
653,W,Bicycle
659,W,Bicycle
660,W,Bicycle
668,W,Bicycle
674,W,Bicycle
679,W,Bicycle
685,W,Bicycle
686,W,Bicycle
691,W,Bicycle
697,W,Bicycle
702,W,Bicycle
708,W,Bicycle
709,W,Bicycle
717,W,Bicycle
723,W,Bicycle
724,W,Bicycle
729,W,Bicycle
735,W,Bicycle
740,W,Bicycle
746,W,Bicycle
747,W,Bicycle
757,W,Bicycle
762,W,Bicycle
768,W,Bicycle
769,W,Bicycle
777,W,Bicycle
783,W,Bicycle
784,W,Bicycle
789,W,Bicycle
795,W,Bicycle
800,W,Bicycle
806,W,Bicycle
807,W,Bicycle
814,W,Bicycle
820,W,Bicycle
825,W,Bicycle
831,W,Bicycle
832,W,Bicycle
837,W,Bicycle
843,W,Bicycle
848,W,Bicycle
854,W,Bicycle
855,W,Bicycle
863,W,Bicycle
869,W,Bicycle
870,W,Bicycle
875,W,Bicycle
881,W,Bicycle
886,W,Bicycle
892,W,Bicycle
893,W,Bicycle
903,W,Bicycle
908,W,Bicycle
914,W,Bicycle
915,W,Bicycle
923,W,Bicycle
929,W,Bicycle
930,W,Bicycle
935,W,Bicycle
942,W,Bicycle
948,W,Bicycle
953,W,Bicycle
959,W,Bicycle
960,W,Bicycle
965,W,Bicycle
971,W,Bicycle
976,W,Bicycle
982,W,Bicycle
983,W,Bicycle
991,W,Bicycle
997,W,Bicycle
998,W,Bicycle
999,W,Bicycle
20,Th,Bicycle
43,Th,Bicycle
47,Th,Bicycle
58,Th,Bicycle
81,Th,Bicycle
103,Th,Bicycle
107,Th,Bicycle
118,Th,Bicycle
141,Th,Bicycle
166,Th,Bicycle
189,Th,Bicycle
193,Th,Bicycle
204,Th,Bicycle
227,Th,Bicycle
249,Th,Bicycle
253,Th,Bicycle
264,Th,Bicycle
294,Th,Bicycle
317,Th,Bicycle
321,Th,Bicycle
332,Th,Bicycle
363,Th,Bicycle
386,Th,Bicycle
390,Th,Bicycle
401,Th,Bicycle
424,Th,Bicycle
446,Th,Bicycle
450,Th,Bicycle
461,Th,Bicycle
484,Th,Bicycle
509,Th,Bicycle
532,Th,Bicycle
536,Th,Bicycle
547,Th,Bicycle
570,Th,Bicycle
592,Th,Bicycle
596,Th,Bicycle
607,Th,Bicycle
637,Th,Bicycle
660,Th,Bicycle
664,Th,Bicycle
686,Th,Bicycle
709,Th,Bicycle
713,Th,Bicycle
724,Th,Bicycle
747,Th,Bicycle
769,Th,Bicycle
773,Th,Bicycle
784,Th,Bicycle
807,Th,Bicycle
832,Th,Bicycle
855,Th,Bicycle
859,Th,Bicycle
870,Th,Bicycle
893,Th,Bicycle
915,Th,Bicycle
919,Th,Bicycle
930,Th,Bicycle
960,Th,Bicycle
983,Th,Bicycle
987,Th,Bicycle
998,Th,Bicycle
1,F,Bicycle
11,F,Bicycle
12,F,Bicycle
20,F,Bicycle
24,F,Bicycle
34,F,Bicycle
35,F,Bicycle
43,F,Bicycle
49,F,Bicycle
50,F,Bicycle
58,F,Bicycle
62,F,Bicycle
72,F,Bicycle
73,F,Bicycle
81,F,Bicycle
94,F,Bicycle
95,F,Bicycle
103,F,Bicycle
109,F,Bicycle
110,F,Bicycle
118,F,Bicycle
122,F,Bicycle
132,F,Bicycle
133,F,Bicycle
141,F,Bicycle
147,F,Bicycle
157,F,Bicycle
158,F,Bicycle
166,F,Bicycle
170,F,Bicycle
180,F,Bicycle
181,F,Bicycle
189,F,Bicycle
195,F,Bicycle
196,F,Bicycle
204,F,Bicycle
208,F,Bicycle
218,F,Bicycle
219,F,Bicycle
227,F,Bicycle
240,F,Bicycle
241,F,Bicycle
249,F,Bicycle
255,F,Bicycle
256,F,Bicycle
264,F,Bicycle
268,F,Bicycle
275,F,Bicycle
285,F,Bicycle
286,F,Bicycle
294,F,Bicycle
298,F,Bicycle
308,F,Bicycle
309,F,Bicycle
317,F,Bicycle
323,F,Bicycle
324,F,Bicycle
332,F,Bicycle
336,F,Bicycle
344,F,Bicycle
354,F,Bicycle
355,F,Bicycle
363,F,Bicycle
367,F,Bicycle
377,F,Bicycle
378,F,Bicycle
386,F,Bicycle
392,F,Bicycle
393,F,Bicycle
401,F,Bicycle
405,F,Bicycle
415,F,Bicycle
416,F,Bicycle
424,F,Bicycle
437,F,Bicycle
438,F,Bicycle
446,F,Bicycle
452,F,Bicycle
453,F,Bicycle
461,F,Bicycle
465,F,Bicycle
475,F,Bicycle
476,F,Bicycle
484,F,Bicycle
490,F,Bicycle
500,F,Bicycle
501,F,Bicycle
509,F,Bicycle
513,F,Bicycle
523,F,Bicycle
524,F,Bicycle
532,F,Bicycle
538,F,Bicycle
539,F,Bicycle
547,F,Bicycle
551,F,Bicycle
561,F,Bicycle
562,F,Bicycle
570,F,Bicycle
583,F,Bicycle
584,F,Bicycle
592,F,Bicycle
598,F,Bicycle
599,F,Bicycle
607,F,Bicycle
611,F,Bicycle
618,F,Bicycle
628,F,Bicycle
629,F,Bicycle
637,F,Bicycle
641,F,Bicycle
651,F,Bicycle
652,F,Bicycle
660,F,Bicycle
666,F,Bicycle
667,F,Bicycle
677,F,Bicycle
678,F,Bicycle
686,F,Bicycle
690,F,Bicycle
700,F,Bicycle
701,F,Bicycle
709,F,Bicycle
715,F,Bicycle
716,F,Bicycle
724,F,Bicycle
728,F,Bicycle
738,F,Bicycle
739,F,Bicycle
747,F,Bicycle
760,F,Bicycle
761,F,Bicycle
769,F,Bicycle
775,F,Bicycle
776,F,Bicycle
784,F,Bicycle
788,F,Bicycle
798,F,Bicycle
799,F,Bicycle
807,F,Bicycle
813,F,Bicycle
823,F,Bicycle
824,F,Bicycle
832,F,Bicycle
836,F,Bicycle
846,F,Bicycle
847,F,Bicycle
855,F,Bicycle
861,F,Bicycle
862,F,Bicycle
870,F,Bicycle
874,F,Bicycle
884,F,Bicycle
885,F,Bicycle
893,F,Bicycle
906,F,Bicycle
907,F,Bicycle
915,F,Bicycle
921,F,Bicycle
922,F,Bicycle
930,F,Bicycle
934,F,Bicycle
941,F,Bicycle
951,F,Bicycle
952,F,Bicycle
960,F,Bicycle
964,F,Bicycle
974,F,Bicycle
975,F,Bicycle
983,F,Bicycle
989,F,Bicycle
990,F,Bicycle
998,F,Bicycle
4,M,Scooter
15,M,Scooter
27,M,Scooter
38,M,Scooter
53,M,Scooter
65,M,Scooter
76,M,Scooter
87,M,Scooter
98,M,Scooter
113,M,Scooter
125,M,Scooter
136,M,Scooter
150,M,Scooter
161,M,Scooter
173,M,Scooter
184,M,Scooter
199,M,Scooter
211,M,Scooter
222,M,Scooter
233,M,Scooter
244,M,Scooter
259,M,Scooter
271,M,Scooter
278,M,Scooter
289,M,Scooter
301,M,Scooter
312,M,Scooter
327,M,Scooter
339,M,Scooter
347,M,Scooter
358,M,Scooter
370,M,Scooter
381,M,Scooter
396,M,Scooter
408,M,Scooter
419,M,Scooter
430,M,Scooter
441,M,Scooter
456,M,Scooter
468,M,Scooter
479,M,Scooter
493,M,Scooter
504,M,Scooter
516,M,Scooter
527,M,Scooter
542,M,Scooter
554,M,Scooter
565,M,Scooter
576,M,Scooter
587,M,Scooter
602,M,Scooter
614,M,Scooter
621,M,Scooter
632,M,Scooter
644,M,Scooter
655,M,Scooter
670,M,Scooter
681,M,Scooter
693,M,Scooter
704,M,Scooter
719,M,Scooter
731,M,Scooter
742,M,Scooter
753,M,Scooter
764,M,Scooter
779,M,Scooter
791,M,Scooter
802,M,Scooter
816,M,Scooter
827,M,Scooter
839,M,Scooter
850,M,Scooter
865,M,Scooter
877,M,Scooter
888,M,Scooter
899,M,Scooter
910,M,Scooter
925,M,Scooter
937,M,Scooter
944,M,Scooter
955,M,Scooter
967,M,Scooter
978,M,Scooter
993,M,Scooter
4,Tu,Scooter
15,Tu,Scooter
27,Tu,Scooter
38,Tu,Scooter
53,Tu,Scooter
65,Tu,Scooter
76,Tu,Scooter
87,Tu,Scooter
98,Tu,Scooter
113,Tu,Scooter
125,Tu,Scooter
136,Tu,Scooter
150,Tu,Scooter
161,Tu,Scooter
173,Tu,Scooter
184,Tu,Scooter
199,Tu,Scooter
211,Tu,Scooter
222,Tu,Scooter
233,Tu,Scooter
244,Tu,Scooter
259,Tu,Scooter
271,Tu,Scooter
278,Tu,Scooter
289,Tu,Scooter
301,Tu,Scooter
312,Tu,Scooter
327,Tu,Scooter
339,Tu,Scooter
347,Tu,Scooter
358,Tu,Scooter
370,Tu,Scooter
381,Tu,Scooter
396,Tu,Scooter
408,Tu,Scooter
419,Tu,Scooter
430,Tu,Scooter
441,Tu,Scooter
456,Tu,Scooter
468,Tu,Scooter
479,Tu,Scooter
493,Tu,Scooter
504,Tu,Scooter
516,Tu,Scooter
527,Tu,Scooter
542,Tu,Scooter
554,Tu,Scooter
565,Tu,Scooter
576,Tu,Scooter
587,Tu,Scooter
602,Tu,Scooter
614,Tu,Scooter
621,Tu,Scooter
632,Tu,Scooter
644,Tu,Scooter
655,Tu,Scooter
670,Tu,Scooter
681,Tu,Scooter
693,Tu,Scooter
704,Tu,Scooter
719,Tu,Scooter
731,Tu,Scooter
742,Tu,Scooter
753,Tu,Scooter
764,Tu,Scooter
779,Tu,Scooter
791,Tu,Scooter
802,Tu,Scooter
816,Tu,Scooter
827,Tu,Scooter
839,Tu,Scooter
850,Tu,Scooter
865,Tu,Scooter
877,Tu,Scooter
888,Tu,Scooter
899,Tu,Scooter
910,Tu,Scooter
925,Tu,Scooter
937,Tu,Scooter
944,Tu,Scooter
955,Tu,Scooter
967,Tu,Scooter
978,Tu,Scooter
993,Tu,Scooter
4,W,Scooter
5,W,Scooter
15,W,Scooter
16,W,Scooter
27,W,Scooter
28,W,Scooter
38,W,Scooter
39,W,Scooter
53,W,Scooter
54,W,Scooter
65,W,Scooter
66,W,Scooter
76,W,Scooter
77,W,Scooter
87,W,Scooter
88,W,Scooter
98,W,Scooter
99,W,Scooter
113,W,Scooter
114,W,Scooter
125,W,Scooter
126,W,Scooter
136,W,Scooter
137,W,Scooter
150,W,Scooter
151,W,Scooter
161,W,Scooter
162,W,Scooter
173,W,Scooter
174,W,Scooter
184,W,Scooter
185,W,Scooter
199,W,Scooter
200,W,Scooter
211,W,Scooter
212,W,Scooter
222,W,Scooter
223,W,Scooter
233,W,Scooter
234,W,Scooter
244,W,Scooter
245,W,Scooter
259,W,Scooter
260,W,Scooter
271,W,Scooter
272,W,Scooter
278,W,Scooter
279,W,Scooter
289,W,Scooter
290,W,Scooter
301,W,Scooter
302,W,Scooter
312,W,Scooter
313,W,Scooter
327,W,Scooter
328,W,Scooter
339,W,Scooter
340,W,Scooter
347,W,Scooter
348,W,Scooter
358,W,Scooter
359,W,Scooter
370,W,Scooter
371,W,Scooter
381,W,Scooter
382,W,Scooter
396,W,Scooter
397,W,Scooter
408,W,Scooter
409,W,Scooter
419,W,Scooter
420,W,Scooter
430,W,Scooter
431,W,Scooter
441,W,Scooter
442,W,Scooter
456,W,Scooter
457,W,Scooter
468,W,Scooter
469,W,Scooter
479,W,Scooter
480,W,Scooter
493,W,Scooter
494,W,Scooter
504,W,Scooter
505,W,Scooter
516,W,Scooter
517,W,Scooter
527,W,Scooter
528,W,Scooter
542,W,Scooter
543,W,Scooter
554,W,Scooter
555,W,Scooter
565,W,Scooter
566,W,Scooter
576,W,Scooter
577,W,Scooter
587,W,Scooter
588,W,Scooter
602,W,Scooter
603,W,Scooter
614,W,Scooter
615,W,Scooter
621,W,Scooter
622,W,Scooter
632,W,Scooter
633,W,Scooter
644,W,Scooter
645,W,Scooter
655,W,Scooter
656,W,Scooter
670,W,Scooter
671,W,Scooter
681,W,Scooter
682,W,Scooter
693,W,Scooter
694,W,Scooter
704,W,Scooter
705,W,Scooter
719,W,Scooter
720,W,Scooter
731,W,Scooter
732,W,Scooter
742,W,Scooter
743,W,Scooter
753,W,Scooter
754,W,Scooter
764,W,Scooter
765,W,Scooter
779,W,Scooter
780,W,Scooter
791,W,Scooter
792,W,Scooter
802,W,Scooter
803,W,Scooter
816,W,Scooter
817,W,Scooter
827,W,Scooter
828,W,Scooter
839,W,Scooter
840,W,Scooter
850,W,Scooter
851,W,Scooter
865,W,Scooter
866,W,Scooter
877,W,Scooter
878,W,Scooter
888,W,Scooter
889,W,Scooter
899,W,Scooter
900,W,Scooter
910,W,Scooter
911,W,Scooter
925,W,Scooter
926,W,Scooter
937,W,Scooter
938,W,Scooter
944,W,Scooter
945,W,Scooter
955,W,Scooter
956,W,Scooter
967,W,Scooter
968,W,Scooter
978,W,Scooter
979,W,Scooter
993,W,Scooter
994,W,Scooter
4,Th,Scooter
15,Th,Scooter
27,Th,Scooter
38,Th,Scooter
53,Th,Scooter
65,Th,Scooter
76,Th,Scooter
87,Th,Scooter
98,Th,Scooter
113,Th,Scooter
125,Th,Scooter
136,Th,Scooter
150,Th,Scooter
161,Th,Scooter
173,Th,Scooter
184,Th,Scooter
199,Th,Scooter
211,Th,Scooter
222,Th,Scooter
233,Th,Scooter
244,Th,Scooter
259,Th,Scooter
271,Th,Scooter
278,Th,Scooter
289,Th,Scooter
301,Th,Scooter
312,Th,Scooter
327,Th,Scooter
339,Th,Scooter
347,Th,Scooter
358,Th,Scooter
370,Th,Scooter
381,Th,Scooter
396,Th,Scooter
408,Th,Scooter
419,Th,Scooter
430,Th,Scooter
441,Th,Scooter
456,Th,Scooter
468,Th,Scooter
479,Th,Scooter
493,Th,Scooter
504,Th,Scooter
516,Th,Scooter
527,Th,Scooter
542,Th,Scooter
554,Th,Scooter
565,Th,Scooter
576,Th,Scooter
587,Th,Scooter
602,Th,Scooter
614,Th,Scooter
621,Th,Scooter
632,Th,Scooter
644,Th,Scooter
655,Th,Scooter
670,Th,Scooter
681,Th,Scooter
693,Th,Scooter
704,Th,Scooter
719,Th,Scooter
731,Th,Scooter
742,Th,Scooter
753,Th,Scooter
764,Th,Scooter
779,Th,Scooter
791,Th,Scooter
802,Th,Scooter
816,Th,Scooter
827,Th,Scooter
839,Th,Scooter
850,Th,Scooter
865,Th,Scooter
877,Th,Scooter
888,Th,Scooter
899,Th,Scooter
910,Th,Scooter
925,Th,Scooter
937,Th,Scooter
944,Th,Scooter
955,Th,Scooter
967,Th,Scooter
978,Th,Scooter
993,Th,Scooter
4,F,Scooter
5,F,Scooter
15,F,Scooter
16,F,Scooter
27,F,Scooter
28,F,Scooter
38,F,Scooter
39,F,Scooter
53,F,Scooter
54,F,Scooter
65,F,Scooter
66,F,Scooter
76,F,Scooter
77,F,Scooter
87,F,Scooter
88,F,Scooter
98,F,Scooter
99,F,Scooter
113,F,Scooter
114,F,Scooter
125,F,Scooter
126,F,Scooter
136,F,Scooter
137,F,Scooter
150,F,Scooter
151,F,Scooter
161,F,Scooter
162,F,Scooter
173,F,Scooter
174,F,Scooter
184,F,Scooter
185,F,Scooter
199,F,Scooter
200,F,Scooter
211,F,Scooter
212,F,Scooter
222,F,Scooter
223,F,Scooter
233,F,Scooter
234,F,Scooter
244,F,Scooter
245,F,Scooter
259,F,Scooter
260,F,Scooter
271,F,Scooter
272,F,Scooter
278,F,Scooter
279,F,Scooter
289,F,Scooter
290,F,Scooter
301,F,Scooter
302,F,Scooter
312,F,Scooter
313,F,Scooter
327,F,Scooter
328,F,Scooter
339,F,Scooter
340,F,Scooter
347,F,Scooter
348,F,Scooter
358,F,Scooter
359,F,Scooter
370,F,Scooter
371,F,Scooter
381,F,Scooter
382,F,Scooter
396,F,Scooter
397,F,Scooter
408,F,Scooter
409,F,Scooter
419,F,Scooter
420,F,Scooter
430,F,Scooter
431,F,Scooter
441,F,Scooter
442,F,Scooter
456,F,Scooter
457,F,Scooter
468,F,Scooter
469,F,Scooter
479,F,Scooter
480,F,Scooter
493,F,Scooter
494,F,Scooter
504,F,Scooter
505,F,Scooter
516,F,Scooter
517,F,Scooter
527,F,Scooter
528,F,Scooter
542,F,Scooter
543,F,Scooter
554,F,Scooter
555,F,Scooter
565,F,Scooter
566,F,Scooter
576,F,Scooter
577,F,Scooter
587,F,Scooter
588,F,Scooter
602,F,Scooter
603,F,Scooter
614,F,Scooter
615,F,Scooter
621,F,Scooter
622,F,Scooter
632,F,Scooter
633,F,Scooter
644,F,Scooter
645,F,Scooter
655,F,Scooter
656,F,Scooter
670,F,Scooter
671,F,Scooter
681,F,Scooter
682,F,Scooter
693,F,Scooter
694,F,Scooter
704,F,Scooter
705,F,Scooter
719,F,Scooter
720,F,Scooter
731,F,Scooter
732,F,Scooter
742,F,Scooter
743,F,Scooter
753,F,Scooter
754,F,Scooter
764,F,Scooter
765,F,Scooter
779,F,Scooter
780,F,Scooter
791,F,Scooter
792,F,Scooter
802,F,Scooter
803,F,Scooter
816,F,Scooter
817,F,Scooter
827,F,Scooter
828,F,Scooter
839,F,Scooter
840,F,Scooter
850,F,Scooter
851,F,Scooter
865,F,Scooter
866,F,Scooter
877,F,Scooter
878,F,Scooter
888,F,Scooter
889,F,Scooter
899,F,Scooter
900,F,Scooter
910,F,Scooter
911,F,Scooter
925,F,Scooter
926,F,Scooter
937,F,Scooter
938,F,Scooter
944,F,Scooter
945,F,Scooter
955,F,Scooter
956,F,Scooter
967,F,Scooter
968,F,Scooter
978,F,Scooter
979,F,Scooter
993,F,Scooter
994,F,Scooter
7,M,Walk
18,M,Walk
21,M,Walk
30,M,Walk
41,M,Walk
44,M,Walk
47,M,Walk
56,M,Walk
59,M,Walk
68,M,Walk
79,M,Walk
82,M,Walk
85,M,Walk
90,M,Walk
101,M,Walk
104,M,Walk
107,M,Walk
116,M,Walk
119,M,Walk
128,M,Walk
139,M,Walk
142,M,Walk
145,M,Walk
153,M,Walk
164,M,Walk
167,M,Walk
176,M,Walk
187,M,Walk
190,M,Walk
193,M,Walk
202,M,Walk
205,M,Walk
214,M,Walk
225,M,Walk
228,M,Walk
231,M,Walk
236,M,Walk
247,M,Walk
250,M,Walk
253,M,Walk
262,M,Walk
265,M,Walk
274,M,Walk
281,M,Walk
292,M,Walk
295,M,Walk
304,M,Walk
315,M,Walk
318,M,Walk
321,M,Walk
330,M,Walk
333,M,Walk
342,M,Walk
350,M,Walk
361,M,Walk
364,M,Walk
373,M,Walk
384,M,Walk
387,M,Walk
390,M,Walk
399,M,Walk
402,M,Walk
411,M,Walk
422,M,Walk
425,M,Walk
428,M,Walk
433,M,Walk
444,M,Walk
447,M,Walk
450,M,Walk
459,M,Walk
462,M,Walk
471,M,Walk
482,M,Walk
485,M,Walk
488,M,Walk
496,M,Walk
507,M,Walk
510,M,Walk
519,M,Walk
530,M,Walk
533,M,Walk
536,M,Walk
545,M,Walk
548,M,Walk
557,M,Walk
568,M,Walk
571,M,Walk
574,M,Walk
579,M,Walk
590,M,Walk
593,M,Walk
596,M,Walk
605,M,Walk
608,M,Walk
617,M,Walk
624,M,Walk
635,M,Walk
638,M,Walk
647,M,Walk
658,M,Walk
661,M,Walk
664,M,Walk
673,M,Walk
684,M,Walk
687,M,Walk
696,M,Walk
707,M,Walk
710,M,Walk
713,M,Walk
722,M,Walk
725,M,Walk
734,M,Walk
745,M,Walk
748,M,Walk
751,M,Walk
756,M,Walk
767,M,Walk
770,M,Walk
773,M,Walk
782,M,Walk
785,M,Walk
794,M,Walk
805,M,Walk
808,M,Walk
811,M,Walk
819,M,Walk
830,M,Walk
833,M,Walk
842,M,Walk
853,M,Walk
856,M,Walk
859,M,Walk
868,M,Walk
871,M,Walk
880,M,Walk
891,M,Walk
894,M,Walk
897,M,Walk
902,M,Walk
913,M,Walk
916,M,Walk
919,M,Walk
928,M,Walk
931,M,Walk
940,M,Walk
947,M,Walk
958,M,Walk
961,M,Walk
970,M,Walk
981,M,Walk
984,M,Walk
987,M,Walk
996,M,Walk
7,Tu,Walk
8,Tu,Walk
10,Tu,Walk
18,Tu,Walk
19,Tu,Walk
21,Tu,Walk
30,Tu,Walk
31,Tu,Walk
33,Tu,Walk
41,Tu,Walk
42,Tu,Walk
44,Tu,Walk
48,Tu,Walk
56,Tu,Walk
57,Tu,Walk
59,Tu,Walk
68,Tu,Walk
69,Tu,Walk
71,Tu,Walk
79,Tu,Walk
80,Tu,Walk
82,Tu,Walk
90,Tu,Walk
91,Tu,Walk
93,Tu,Walk
101,Tu,Walk
102,Tu,Walk
104,Tu,Walk
108,Tu,Walk
116,Tu,Walk
117,Tu,Walk
119,Tu,Walk
128,Tu,Walk
129,Tu,Walk
131,Tu,Walk
139,Tu,Walk
140,Tu,Walk
142,Tu,Walk
153,Tu,Walk
154,Tu,Walk
156,Tu,Walk
164,Tu,Walk
165,Tu,Walk
167,Tu,Walk
176,Tu,Walk
177,Tu,Walk
179,Tu,Walk
187,Tu,Walk
188,Tu,Walk
190,Tu,Walk
194,Tu,Walk
202,Tu,Walk
203,Tu,Walk
205,Tu,Walk
214,Tu,Walk
215,Tu,Walk
217,Tu,Walk
225,Tu,Walk
226,Tu,Walk
228,Tu,Walk
236,Tu,Walk
237,Tu,Walk
239,Tu,Walk
247,Tu,Walk
248,Tu,Walk
250,Tu,Walk
254,Tu,Walk
262,Tu,Walk
263,Tu,Walk
265,Tu,Walk
274,Tu,Walk
281,Tu,Walk
282,Tu,Walk
284,Tu,Walk
292,Tu,Walk
293,Tu,Walk
295,Tu,Walk
304,Tu,Walk
305,Tu,Walk
307,Tu,Walk
315,Tu,Walk
316,Tu,Walk
318,Tu,Walk
322,Tu,Walk
330,Tu,Walk
331,Tu,Walk
333,Tu,Walk
342,Tu,Walk
343,Tu,Walk
350,Tu,Walk
351,Tu,Walk
353,Tu,Walk
361,Tu,Walk
362,Tu,Walk
364,Tu,Walk
373,Tu,Walk
374,Tu,Walk
376,Tu,Walk
384,Tu,Walk
385,Tu,Walk
387,Tu,Walk
391,Tu,Walk
399,Tu,Walk
400,Tu,Walk
402,Tu,Walk
411,Tu,Walk
412,Tu,Walk
414,Tu,Walk
422,Tu,Walk
423,Tu,Walk
425,Tu,Walk
433,Tu,Walk
434,Tu,Walk
436,Tu,Walk
444,Tu,Walk
445,Tu,Walk
447,Tu,Walk
451,Tu,Walk
459,Tu,Walk
460,Tu,Walk
462,Tu,Walk
471,Tu,Walk
472,Tu,Walk
474,Tu,Walk
482,Tu,Walk
483,Tu,Walk
485,Tu,Walk
496,Tu,Walk
497,Tu,Walk
499,Tu,Walk
507,Tu,Walk
508,Tu,Walk
510,Tu,Walk
519,Tu,Walk
520,Tu,Walk
522,Tu,Walk
530,Tu,Walk
531,Tu,Walk
533,Tu,Walk
537,Tu,Walk
545,Tu,Walk
546,Tu,Walk
548,Tu,Walk
557,Tu,Walk
558,Tu,Walk
560,Tu,Walk
568,Tu,Walk
569,Tu,Walk
571,Tu,Walk
579,Tu,Walk
580,Tu,Walk
582,Tu,Walk
590,Tu,Walk
591,Tu,Walk
593,Tu,Walk
597,Tu,Walk
605,Tu,Walk
606,Tu,Walk
608,Tu,Walk
617,Tu,Walk
624,Tu,Walk
625,Tu,Walk
627,Tu,Walk
635,Tu,Walk
636,Tu,Walk
638,Tu,Walk
647,Tu,Walk
648,Tu,Walk
650,Tu,Walk
658,Tu,Walk
659,Tu,Walk
661,Tu,Walk
665,Tu,Walk
673,Tu,Walk
674,Tu,Walk
676,Tu,Walk
684,Tu,Walk
685,Tu,Walk
687,Tu,Walk
696,Tu,Walk
697,Tu,Walk
699,Tu,Walk
707,Tu,Walk
708,Tu,Walk
710,Tu,Walk
714,Tu,Walk
722,Tu,Walk
723,Tu,Walk
725,Tu,Walk
734,Tu,Walk
735,Tu,Walk
737,Tu,Walk
745,Tu,Walk
746,Tu,Walk
748,Tu,Walk
756,Tu,Walk
757,Tu,Walk
759,Tu,Walk
767,Tu,Walk
768,Tu,Walk
770,Tu,Walk
774,Tu,Walk
782,Tu,Walk
783,Tu,Walk
785,Tu,Walk
794,Tu,Walk
795,Tu,Walk
797,Tu,Walk
805,Tu,Walk
806,Tu,Walk
808,Tu,Walk
819,Tu,Walk
820,Tu,Walk
822,Tu,Walk
830,Tu,Walk
831,Tu,Walk
833,Tu,Walk
842,Tu,Walk
843,Tu,Walk
845,Tu,Walk
853,Tu,Walk
854,Tu,Walk
856,Tu,Walk
860,Tu,Walk
868,Tu,Walk
869,Tu,Walk
871,Tu,Walk
880,Tu,Walk
881,Tu,Walk
883,Tu,Walk
891,Tu,Walk
892,Tu,Walk
894,Tu,Walk
902,Tu,Walk
903,Tu,Walk
905,Tu,Walk
913,Tu,Walk
914,Tu,Walk
916,Tu,Walk
920,Tu,Walk
928,Tu,Walk
929,Tu,Walk
931,Tu,Walk
940,Tu,Walk
947,Tu,Walk
948,Tu,Walk
950,Tu,Walk
958,Tu,Walk
959,Tu,Walk
961,Tu,Walk
970,Tu,Walk
971,Tu,Walk
973,Tu,Walk
981,Tu,Walk
982,Tu,Walk
984,Tu,Walk
988,Tu,Walk
996,Tu,Walk
997,Tu,Walk
7,W,Walk
18,W,Walk
21,W,Walk
30,W,Walk
41,W,Walk
44,W,Walk
47,W,Walk
56,W,Walk
59,W,Walk
68,W,Walk
79,W,Walk
82,W,Walk
85,W,Walk
90,W,Walk
101,W,Walk
104,W,Walk
107,W,Walk
116,W,Walk
119,W,Walk
128,W,Walk
139,W,Walk
142,W,Walk
145,W,Walk
153,W,Walk
164,W,Walk
167,W,Walk
176,W,Walk
187,W,Walk
190,W,Walk
193,W,Walk
202,W,Walk
205,W,Walk
214,W,Walk
225,W,Walk
228,W,Walk
231,W,Walk
236,W,Walk
247,W,Walk
250,W,Walk
253,W,Walk
262,W,Walk
265,W,Walk
274,W,Walk
281,W,Walk
292,W,Walk
295,W,Walk
304,W,Walk
315,W,Walk
318,W,Walk
321,W,Walk
330,W,Walk
333,W,Walk
342,W,Walk
350,W,Walk
361,W,Walk
364,W,Walk
373,W,Walk
384,W,Walk
387,W,Walk
390,W,Walk
399,W,Walk
402,W,Walk
411,W,Walk
422,W,Walk
425,W,Walk
428,W,Walk
433,W,Walk
444,W,Walk
447,W,Walk
450,W,Walk
459,W,Walk
462,W,Walk
471,W,Walk
482,W,Walk
485,W,Walk
488,W,Walk
496,W,Walk
507,W,Walk
510,W,Walk
519,W,Walk
530,W,Walk
533,W,Walk
536,W,Walk
545,W,Walk
548,W,Walk
557,W,Walk
568,W,Walk
571,W,Walk
574,W,Walk
579,W,Walk
590,W,Walk
593,W,Walk
596,W,Walk
605,W,Walk
608,W,Walk
617,W,Walk
624,W,Walk
635,W,Walk
638,W,Walk
647,W,Walk
658,W,Walk
661,W,Walk
664,W,Walk
673,W,Walk
684,W,Walk
687,W,Walk
696,W,Walk
707,W,Walk
710,W,Walk
713,W,Walk
722,W,Walk
725,W,Walk
734,W,Walk
745,W,Walk
748,W,Walk
751,W,Walk
756,W,Walk
767,W,Walk
770,W,Walk
773,W,Walk
782,W,Walk
785,W,Walk
794,W,Walk
805,W,Walk
808,W,Walk
811,W,Walk
819,W,Walk
830,W,Walk
833,W,Walk
842,W,Walk
853,W,Walk
856,W,Walk
859,W,Walk
868,W,Walk
871,W,Walk
880,W,Walk
891,W,Walk
894,W,Walk
897,W,Walk
902,W,Walk
913,W,Walk
916,W,Walk
919,W,Walk
928,W,Walk
931,W,Walk
940,W,Walk
947,W,Walk
958,W,Walk
961,W,Walk
970,W,Walk
981,W,Walk
984,W,Walk
987,W,Walk
996,W,Walk
2,Th,Walk
3,Th,Walk
5,Th,Walk
7,Th,Walk
8,Th,Walk
10,Th,Walk
13,Th,Walk
14,Th,Walk
16,Th,Walk
18,Th,Walk
19,Th,Walk
21,Th,Walk
25,Th,Walk
26,Th,Walk
28,Th,Walk
30,Th,Walk
31,Th,Walk
33,Th,Walk
36,Th,Walk
37,Th,Walk
39,Th,Walk
41,Th,Walk
42,Th,Walk
44,Th,Walk
48,Th,Walk
51,Th,Walk
52,Th,Walk
54,Th,Walk
56,Th,Walk
57,Th,Walk
59,Th,Walk
63,Th,Walk
64,Th,Walk
66,Th,Walk
68,Th,Walk
69,Th,Walk
71,Th,Walk
74,Th,Walk
75,Th,Walk
77,Th,Walk
79,Th,Walk
80,Th,Walk
82,Th,Walk
86,Th,Walk
88,Th,Walk
90,Th,Walk
91,Th,Walk
93,Th,Walk
96,Th,Walk
97,Th,Walk
99,Th,Walk
101,Th,Walk
102,Th,Walk
104,Th,Walk
108,Th,Walk
111,Th,Walk
112,Th,Walk
114,Th,Walk
116,Th,Walk
117,Th,Walk
119,Th,Walk
123,Th,Walk
124,Th,Walk
126,Th,Walk
128,Th,Walk
129,Th,Walk
131,Th,Walk
134,Th,Walk
135,Th,Walk
137,Th,Walk
139,Th,Walk
140,Th,Walk
142,Th,Walk
146,Th,Walk
148,Th,Walk
149,Th,Walk
151,Th,Walk
153,Th,Walk
154,Th,Walk
156,Th,Walk
159,Th,Walk
160,Th,Walk
162,Th,Walk
164,Th,Walk
165,Th,Walk
167,Th,Walk
171,Th,Walk
172,Th,Walk
174,Th,Walk
176,Th,Walk
177,Th,Walk
179,Th,Walk
182,Th,Walk
183,Th,Walk
185,Th,Walk
187,Th,Walk
188,Th,Walk
190,Th,Walk
194,Th,Walk
197,Th,Walk
198,Th,Walk
200,Th,Walk
202,Th,Walk
203,Th,Walk
205,Th,Walk
209,Th,Walk
210,Th,Walk
212,Th,Walk
214,Th,Walk
215,Th,Walk
217,Th,Walk
220,Th,Walk
221,Th,Walk
223,Th,Walk
225,Th,Walk
226,Th,Walk
228,Th,Walk
232,Th,Walk
234,Th,Walk
236,Th,Walk
237,Th,Walk
239,Th,Walk
242,Th,Walk
243,Th,Walk
245,Th,Walk
247,Th,Walk
248,Th,Walk
250,Th,Walk
254,Th,Walk
257,Th,Walk
258,Th,Walk
260,Th,Walk
262,Th,Walk
263,Th,Walk
265,Th,Walk
269,Th,Walk
270,Th,Walk
272,Th,Walk
274,Th,Walk
276,Th,Walk
277,Th,Walk
279,Th,Walk
281,Th,Walk
282,Th,Walk
284,Th,Walk
287,Th,Walk
288,Th,Walk
290,Th,Walk
292,Th,Walk
293,Th,Walk
295,Th,Walk
299,Th,Walk
300,Th,Walk
302,Th,Walk
304,Th,Walk
305,Th,Walk
307,Th,Walk
310,Th,Walk
311,Th,Walk
313,Th,Walk
315,Th,Walk
316,Th,Walk
318,Th,Walk
322,Th,Walk
325,Th,Walk
326,Th,Walk
328,Th,Walk
330,Th,Walk
331,Th,Walk
333,Th,Walk
337,Th,Walk
338,Th,Walk
340,Th,Walk
342,Th,Walk
343,Th,Walk
345,Th,Walk
346,Th,Walk
348,Th,Walk
350,Th,Walk
351,Th,Walk
353,Th,Walk
356,Th,Walk
357,Th,Walk
359,Th,Walk
361,Th,Walk
362,Th,Walk
364,Th,Walk
368,Th,Walk
369,Th,Walk
371,Th,Walk
373,Th,Walk
374,Th,Walk
376,Th,Walk
379,Th,Walk
380,Th,Walk
382,Th,Walk
384,Th,Walk
385,Th,Walk
387,Th,Walk
391,Th,Walk
394,Th,Walk
395,Th,Walk
397,Th,Walk
399,Th,Walk
400,Th,Walk
402,Th,Walk
406,Th,Walk
407,Th,Walk
409,Th,Walk
411,Th,Walk
412,Th,Walk
414,Th,Walk
417,Th,Walk
418,Th,Walk
420,Th,Walk
422,Th,Walk
423,Th,Walk
425,Th,Walk
429,Th,Walk
431,Th,Walk
433,Th,Walk
434,Th,Walk
436,Th,Walk
439,Th,Walk
440,Th,Walk
442,Th,Walk
444,Th,Walk
445,Th,Walk
447,Th,Walk
451,Th,Walk
454,Th,Walk
455,Th,Walk
457,Th,Walk
459,Th,Walk
460,Th,Walk
462,Th,Walk
466,Th,Walk
467,Th,Walk
469,Th,Walk
471,Th,Walk
472,Th,Walk
474,Th,Walk
477,Th,Walk
478,Th,Walk
480,Th,Walk
482,Th,Walk
483,Th,Walk
485,Th,Walk
489,Th,Walk
491,Th,Walk
492,Th,Walk
494,Th,Walk
496,Th,Walk
497,Th,Walk
499,Th,Walk
502,Th,Walk
503,Th,Walk
505,Th,Walk
507,Th,Walk
508,Th,Walk
510,Th,Walk
514,Th,Walk
515,Th,Walk
517,Th,Walk
519,Th,Walk
520,Th,Walk
522,Th,Walk
525,Th,Walk
526,Th,Walk
528,Th,Walk
530,Th,Walk
531,Th,Walk
533,Th,Walk
537,Th,Walk
540,Th,Walk
541,Th,Walk
543,Th,Walk
545,Th,Walk
546,Th,Walk
548,Th,Walk
552,Th,Walk
553,Th,Walk
555,Th,Walk
557,Th,Walk
558,Th,Walk
560,Th,Walk
563,Th,Walk
564,Th,Walk
566,Th,Walk
568,Th,Walk
569,Th,Walk
571,Th,Walk
575,Th,Walk
577,Th,Walk
579,Th,Walk
580,Th,Walk
582,Th,Walk
585,Th,Walk
586,Th,Walk
588,Th,Walk
590,Th,Walk
591,Th,Walk
593,Th,Walk
597,Th,Walk
600,Th,Walk
601,Th,Walk
603,Th,Walk
605,Th,Walk
606,Th,Walk
608,Th,Walk
612,Th,Walk
613,Th,Walk
615,Th,Walk
617,Th,Walk
619,Th,Walk
620,Th,Walk
622,Th,Walk
624,Th,Walk
625,Th,Walk
627,Th,Walk
630,Th,Walk
631,Th,Walk
633,Th,Walk
635,Th,Walk
636,Th,Walk
638,Th,Walk
642,Th,Walk
643,Th,Walk
645,Th,Walk
647,Th,Walk
648,Th,Walk
650,Th,Walk
653,Th,Walk
654,Th,Walk
656,Th,Walk
658,Th,Walk
659,Th,Walk
661,Th,Walk
665,Th,Walk
668,Th,Walk
669,Th,Walk
671,Th,Walk
673,Th,Walk
674,Th,Walk
676,Th,Walk
679,Th,Walk
680,Th,Walk
682,Th,Walk
684,Th,Walk
685,Th,Walk
687,Th,Walk
691,Th,Walk
692,Th,Walk
694,Th,Walk
696,Th,Walk
697,Th,Walk
699,Th,Walk
702,Th,Walk
703,Th,Walk
705,Th,Walk
707,Th,Walk
708,Th,Walk
710,Th,Walk
714,Th,Walk
717,Th,Walk
718,Th,Walk
720,Th,Walk
722,Th,Walk
723,Th,Walk
725,Th,Walk
729,Th,Walk
730,Th,Walk
732,Th,Walk
734,Th,Walk
735,Th,Walk
737,Th,Walk
740,Th,Walk
741,Th,Walk
743,Th,Walk
745,Th,Walk
746,Th,Walk
748,Th,Walk
752,Th,Walk
754,Th,Walk
756,Th,Walk
757,Th,Walk
759,Th,Walk
762,Th,Walk
763,Th,Walk
765,Th,Walk
767,Th,Walk
768,Th,Walk
770,Th,Walk
774,Th,Walk
777,Th,Walk
778,Th,Walk
780,Th,Walk
782,Th,Walk
783,Th,Walk
785,Th,Walk
789,Th,Walk
790,Th,Walk
792,Th,Walk
794,Th,Walk
795,Th,Walk
797,Th,Walk
800,Th,Walk
801,Th,Walk
803,Th,Walk
805,Th,Walk
806,Th,Walk
808,Th,Walk
812,Th,Walk
814,Th,Walk
815,Th,Walk
817,Th,Walk
819,Th,Walk
820,Th,Walk
822,Th,Walk
825,Th,Walk
826,Th,Walk
828,Th,Walk
830,Th,Walk
831,Th,Walk
833,Th,Walk
837,Th,Walk
838,Th,Walk
840,Th,Walk
842,Th,Walk
843,Th,Walk
845,Th,Walk
848,Th,Walk
849,Th,Walk
851,Th,Walk
853,Th,Walk
854,Th,Walk
856,Th,Walk
860,Th,Walk
863,Th,Walk
864,Th,Walk
866,Th,Walk
868,Th,Walk
869,Th,Walk
871,Th,Walk
875,Th,Walk
876,Th,Walk
878,Th,Walk
880,Th,Walk
881,Th,Walk
883,Th,Walk
886,Th,Walk
887,Th,Walk
889,Th,Walk
891,Th,Walk
892,Th,Walk
894,Th,Walk
898,Th,Walk
900,Th,Walk
902,Th,Walk
903,Th,Walk
905,Th,Walk
908,Th,Walk
909,Th,Walk
911,Th,Walk
913,Th,Walk
914,Th,Walk
916,Th,Walk
920,Th,Walk
923,Th,Walk
924,Th,Walk
926,Th,Walk
928,Th,Walk
929,Th,Walk
931,Th,Walk
935,Th,Walk
936,Th,Walk
938,Th,Walk
940,Th,Walk
942,Th,Walk
943,Th,Walk
945,Th,Walk
947,Th,Walk
948,Th,Walk
950,Th,Walk
953,Th,Walk
954,Th,Walk
956,Th,Walk
958,Th,Walk
959,Th,Walk
961,Th,Walk
965,Th,Walk
966,Th,Walk
968,Th,Walk
970,Th,Walk
971,Th,Walk
973,Th,Walk
976,Th,Walk
977,Th,Walk
979,Th,Walk
981,Th,Walk
982,Th,Walk
984,Th,Walk
988,Th,Walk
991,Th,Walk
992,Th,Walk
994,Th,Walk
996,Th,Walk
997,Th,Walk
999,Th,Walk
1000,Th,Walk
2,F,Walk
7,F,Walk
8,F,Walk
13,F,Walk
18,F,Walk
19,F,Walk
21,F,Walk
25,F,Walk
30,F,Walk
31,F,Walk
36,F,Walk
41,F,Walk
42,F,Walk
44,F,Walk
47,F,Walk
51,F,Walk
56,F,Walk
57,F,Walk
59,F,Walk
63,F,Walk
68,F,Walk
69,F,Walk
74,F,Walk
79,F,Walk
80,F,Walk
82,F,Walk
84,F,Walk
85,F,Walk
90,F,Walk
91,F,Walk
96,F,Walk
101,F,Walk
102,F,Walk
104,F,Walk
107,F,Walk
111,F,Walk
116,F,Walk
117,F,Walk
119,F,Walk
123,F,Walk
128,F,Walk
129,F,Walk
134,F,Walk
139,F,Walk
140,F,Walk
142,F,Walk
144,F,Walk
145,F,Walk
146,F,Walk
148,F,Walk
153,F,Walk
154,F,Walk
159,F,Walk
164,F,Walk
165,F,Walk
167,F,Walk
171,F,Walk
176,F,Walk
177,F,Walk
182,F,Walk
187,F,Walk
188,F,Walk
190,F,Walk
193,F,Walk
197,F,Walk
202,F,Walk
203,F,Walk
205,F,Walk
209,F,Walk
214,F,Walk
215,F,Walk
220,F,Walk
225,F,Walk
226,F,Walk
228,F,Walk
230,F,Walk
231,F,Walk
236,F,Walk
237,F,Walk
242,F,Walk
247,F,Walk
248,F,Walk
250,F,Walk
253,F,Walk
257,F,Walk
262,F,Walk
263,F,Walk
265,F,Walk
269,F,Walk
274,F,Walk
276,F,Walk
281,F,Walk
282,F,Walk
287,F,Walk
292,F,Walk
293,F,Walk
295,F,Walk
299,F,Walk
304,F,Walk
305,F,Walk
310,F,Walk
315,F,Walk
316,F,Walk
318,F,Walk
321,F,Walk
325,F,Walk
330,F,Walk
331,F,Walk
333,F,Walk
337,F,Walk
342,F,Walk
343,F,Walk
345,F,Walk
350,F,Walk
351,F,Walk
356,F,Walk
361,F,Walk
362,F,Walk
364,F,Walk
368,F,Walk
373,F,Walk
374,F,Walk
379,F,Walk
384,F,Walk
385,F,Walk
387,F,Walk
390,F,Walk
394,F,Walk
399,F,Walk
400,F,Walk
402,F,Walk
406,F,Walk
411,F,Walk
412,F,Walk
417,F,Walk
422,F,Walk
423,F,Walk
425,F,Walk
427,F,Walk
428,F,Walk
433,F,Walk
434,F,Walk
439,F,Walk
444,F,Walk
445,F,Walk
447,F,Walk
450,F,Walk
454,F,Walk
459,F,Walk
460,F,Walk
462,F,Walk
466,F,Walk
471,F,Walk
472,F,Walk
477,F,Walk
482,F,Walk
483,F,Walk
485,F,Walk
487,F,Walk
488,F,Walk
489,F,Walk
491,F,Walk
496,F,Walk
497,F,Walk
502,F,Walk
507,F,Walk
508,F,Walk
510,F,Walk
514,F,Walk
519,F,Walk
520,F,Walk
525,F,Walk
530,F,Walk
531,F,Walk
533,F,Walk
536,F,Walk
540,F,Walk
545,F,Walk
546,F,Walk
548,F,Walk
552,F,Walk
557,F,Walk
558,F,Walk
563,F,Walk
568,F,Walk
569,F,Walk
571,F,Walk
573,F,Walk
574,F,Walk
579,F,Walk
580,F,Walk
585,F,Walk
590,F,Walk
591,F,Walk
593,F,Walk
596,F,Walk
600,F,Walk
605,F,Walk
606,F,Walk
608,F,Walk
612,F,Walk
617,F,Walk
619,F,Walk
624,F,Walk
625,F,Walk
630,F,Walk
635,F,Walk
636,F,Walk
638,F,Walk
642,F,Walk
647,F,Walk
648,F,Walk
653,F,Walk
658,F,Walk
659,F,Walk
661,F,Walk
664,F,Walk
668,F,Walk
673,F,Walk
674,F,Walk
679,F,Walk
684,F,Walk
685,F,Walk
687,F,Walk
691,F,Walk
696,F,Walk
697,F,Walk
702,F,Walk
707,F,Walk
708,F,Walk
710,F,Walk
713,F,Walk
717,F,Walk
722,F,Walk
723,F,Walk
725,F,Walk
729,F,Walk
734,F,Walk
735,F,Walk
740,F,Walk
745,F,Walk
746,F,Walk
748,F,Walk
750,F,Walk
751,F,Walk
756,F,Walk
757,F,Walk
762,F,Walk
767,F,Walk
768,F,Walk
770,F,Walk
773,F,Walk
777,F,Walk
782,F,Walk
783,F,Walk
785,F,Walk
789,F,Walk
794,F,Walk
795,F,Walk
800,F,Walk
805,F,Walk
806,F,Walk
808,F,Walk
810,F,Walk
811,F,Walk
812,F,Walk
814,F,Walk
819,F,Walk
820,F,Walk
825,F,Walk
830,F,Walk
831,F,Walk
833,F,Walk
837,F,Walk
842,F,Walk
843,F,Walk
848,F,Walk
853,F,Walk
854,F,Walk
856,F,Walk
859,F,Walk
863,F,Walk
868,F,Walk
869,F,Walk
871,F,Walk
875,F,Walk
880,F,Walk
881,F,Walk
886,F,Walk
891,F,Walk
892,F,Walk
894,F,Walk
896,F,Walk
897,F,Walk
902,F,Walk
903,F,Walk
908,F,Walk
913,F,Walk
914,F,Walk
916,F,Walk
919,F,Walk
923,F,Walk
928,F,Walk
929,F,Walk
931,F,Walk
935,F,Walk
940,F,Walk
942,F,Walk
947,F,Walk
948,F,Walk
953,F,Walk
958,F,Walk
959,F,Walk
961,F,Walk
965,F,Walk
970,F,Walk
971,F,Walk
976,F,Walk
981,F,Walk
982,F,Walk
984,F,Walk
987,F,Walk
991,F,Walk
996,F,Walk
997,F,Walk
999,F,Walk
9,M,Aeroplane
155,M,Aeroplane
283,M,Aeroplane
352,M,Aeroplane
498,M,Aeroplane
626,M,Aeroplane
675,M,Aeroplane
821,M,Aeroplane
949,M,Aeroplane
9,Tu,Aeroplane
155,Tu,Aeroplane
283,Tu,Aeroplane
352,Tu,Aeroplane
498,Tu,Aeroplane
626,Tu,Aeroplane
675,Tu,Aeroplane
821,Tu,Aeroplane
949,Tu,Aeroplane
9,W,Aeroplane
155,W,Aeroplane
283,W,Aeroplane
352,W,Aeroplane
498,W,Aeroplane
626,W,Aeroplane
675,W,Aeroplane
821,W,Aeroplane
949,W,Aeroplane
9,Th,Aeroplane
155,Th,Aeroplane
283,Th,Aeroplane
352,Th,Aeroplane
498,Th,Aeroplane
626,Th,Aeroplane
675,Th,Aeroplane
821,Th,Aeroplane
949,Th,Aeroplane
9,F,Aeroplane
155,F,Aeroplane
283,F,Aeroplane
352,F,Aeroplane
498,F,Aeroplane
626,F,Aeroplane
675,F,Aeroplane
821,F,Aeroplane
949,F,Aeroplane
11,M,Helicopter
32,M,Helicopter
34,M,Helicopter
49,M,Helicopter
70,M,Helicopter
72,M,Helicopter
92,M,Helicopter
94,M,Helicopter
109,M,Helicopter
130,M,Helicopter
132,M,Helicopter
157,M,Helicopter
178,M,Helicopter
180,M,Helicopter
195,M,Helicopter
216,M,Helicopter
218,M,Helicopter
238,M,Helicopter
240,M,Helicopter
255,M,Helicopter
285,M,Helicopter
306,M,Helicopter
308,M,Helicopter
323,M,Helicopter
354,M,Helicopter
375,M,Helicopter
377,M,Helicopter
392,M,Helicopter
413,M,Helicopter
415,M,Helicopter
435,M,Helicopter
437,M,Helicopter
452,M,Helicopter
473,M,Helicopter
475,M,Helicopter
500,M,Helicopter
521,M,Helicopter
523,M,Helicopter
538,M,Helicopter
559,M,Helicopter
561,M,Helicopter
581,M,Helicopter
583,M,Helicopter
598,M,Helicopter
628,M,Helicopter
649,M,Helicopter
651,M,Helicopter
666,M,Helicopter
677,M,Helicopter
698,M,Helicopter
700,M,Helicopter
715,M,Helicopter
736,M,Helicopter
738,M,Helicopter
758,M,Helicopter
760,M,Helicopter
775,M,Helicopter
796,M,Helicopter
798,M,Helicopter
823,M,Helicopter
844,M,Helicopter
846,M,Helicopter
861,M,Helicopter
882,M,Helicopter
884,M,Helicopter
904,M,Helicopter
906,M,Helicopter
921,M,Helicopter
951,M,Helicopter
972,M,Helicopter
974,M,Helicopter
989,M,Helicopter
32,Th,Helicopter
70,Th,Helicopter
92,Th,Helicopter
130,Th,Helicopter
178,Th,Helicopter
216,Th,Helicopter
238,Th,Helicopter
306,Th,Helicopter
375,Th,Helicopter
413,Th,Helicopter
435,Th,Helicopter
473,Th,Helicopter
521,Th,Helicopter
559,Th,Helicopter
581,Th,Helicopter
649,Th,Helicopter
698,Th,Helicopter
736,Th,Helicopter
758,Th,Helicopter
796,Th,Helicopter
844,Th,Helicopter
882,Th,Helicopter
904,Th,Helicopter
972,Th,Helicopter
23,M,Van
46,M,Van
61,M,Van
106,M,Van
121,M,Van
169,M,Van
192,M,Van
207,M,Van
252,M,Van
267,M,Van
297,M,Van
320,M,Van
335,M,Van
366,M,Van
389,M,Van
404,M,Van
449,M,Van
464,M,Van
512,M,Van
535,M,Van
550,M,Van
595,M,Van
610,M,Van
640,M,Van
663,M,Van
689,M,Van
712,M,Van
727,M,Van
772,M,Van
787,M,Van
835,M,Van
858,M,Van
873,M,Van
918,M,Van
933,M,Van
963,M,Van
986,M,Van
23,Tu,Van
46,Tu,Van
61,Tu,Van
84,Tu,Van
106,Tu,Van
121,Tu,Van
144,Tu,Van
169,Tu,Van
192,Tu,Van
207,Tu,Van
230,Tu,Van
252,Tu,Van
267,Tu,Van
297,Tu,Van
320,Tu,Van
335,Tu,Van
366,Tu,Van
389,Tu,Van
404,Tu,Van
427,Tu,Van
449,Tu,Van
464,Tu,Van
487,Tu,Van
512,Tu,Van
535,Tu,Van
550,Tu,Van
573,Tu,Van
595,Tu,Van
610,Tu,Van
640,Tu,Van
663,Tu,Van
689,Tu,Van
712,Tu,Van
727,Tu,Van
750,Tu,Van
772,Tu,Van
787,Tu,Van
810,Tu,Van
835,Tu,Van
858,Tu,Van
873,Tu,Van
896,Tu,Van
918,Tu,Van
933,Tu,Van
963,Tu,Van
986,Tu,Van
23,W,Van
46,W,Van
84,W,Van
106,W,Van
144,W,Van
169,W,Van
192,W,Van
230,W,Van
252,W,Van
297,W,Van
320,W,Van
366,W,Van
389,W,Van
427,W,Van
449,W,Van
487,W,Van
512,W,Van
535,W,Van
573,W,Van
595,W,Van
640,W,Van
663,W,Van
689,W,Van
712,W,Van
750,W,Van
772,W,Van
810,W,Van
835,W,Van
858,W,Van
896,W,Van
918,W,Van
963,W,Van
986,W,Van
22,F,Van
45,F,Van
60,F,Van
83,F,Van
105,F,Van
120,F,Van
143,F,Van
168,F,Van
191,F,Van
206,F,Van
229,F,Van
251,F,Van
266,F,Van
296,F,Van
319,F,Van
334,F,Van
365,F,Van
388,F,Van
403,F,Van
426,F,Van
448,F,Van
463,F,Van
486,F,Van
511,F,Van
534,F,Van
549,F,Van
572,F,Van
594,F,Van
609,F,Van
639,F,Van
662,F,Van
688,F,Van
711,F,Van
726,F,Van
749,F,Van
771,F,Van
786,F,Van
809,F,Van
834,F,Van
857,F,Van
872,F,Van
895,F,Van
917,F,Van
932,F,Van
962,F,Van
985,F,Van
84,M,Mum's Shoulders
144,M,Mum's Shoulders
230,M,Mum's Shoulders
427,M,Mum's Shoulders
487,M,Mum's Shoulders
573,M,Mum's Shoulders
750,M,Mum's Shoulders
810,M,Mum's Shoulders
896,M,Mum's Shoulders
61,W,Mum's Shoulders
121,W,Mum's Shoulders
207,W,Mum's Shoulders
267,W,Mum's Shoulders
335,W,Mum's Shoulders
404,W,Mum's Shoulders
464,W,Mum's Shoulders
550,W,Mum's Shoulders
610,W,Mum's Shoulders
727,W,Mum's Shoulders
787,W,Mum's Shoulders
873,W,Mum's Shoulders
933,W,Mum's Shoulders
23,F,Mum's Shoulders
46,F,Mum's Shoulders
106,F,Mum's Shoulders
169,F,Mum's Shoulders
192,F,Mum's Shoulders
252,F,Mum's Shoulders
297,F,Mum's Shoulders
320,F,Mum's Shoulders
366,F,Mum's Shoulders
389,F,Mum's Shoulders
449,F,Mum's Shoulders
512,F,Mum's Shoulders
535,F,Mum's Shoulders
595,F,Mum's Shoulders
640,F,Mum's Shoulders
663,F,Mum's Shoulders
689,F,Mum's Shoulders
712,F,Mum's Shoulders
772,F,Mum's Shoulders
835,F,Mum's Shoulders
858,F,Mum's Shoulders
918,F,Mum's Shoulders
963,F,Mum's Shoulders
986,F,Mum's Shoulders
146,M,Hopped
489,M,Hopped
812,M,Hopped
47,Tu,Dad's Shoulders
107,Tu,Dad's Shoulders
193,Tu,Dad's Shoulders
253,Tu,Dad's Shoulders
321,Tu,Dad's Shoulders
390,Tu,Dad's Shoulders
450,Tu,Dad's Shoulders
536,Tu,Dad's Shoulders
596,Tu,Dad's Shoulders
664,Tu,Dad's Shoulders
713,Tu,Dad's Shoulders
773,Tu,Dad's Shoulders
859,Tu,Dad's Shoulders
919,Tu,Dad's Shoulders
987,Tu,Dad's Shoulders
85,Th,Dad's Shoulders
145,Th,Dad's Shoulders
231,Th,Dad's Shoulders
428,Th,Dad's Shoulders
488,Th,Dad's Shoulders
574,Th,Dad's Shoulders
751,Th,Dad's Shoulders
811,Th,Dad's Shoulders
897,Th,Dad's Shoulders
146,Tu,Skipped
489,Tu,Skipped
812,Tu,Skipped
146,W,Jumped
489,W,Jumped
812,W,Jumped
